-- phpMyAdmin SQL Dump
-- version 5.0.3
-- https://www.phpmyadmin.net/
--
-- Host: localhost
-- Generation Time: Apr 09, 2021 at 01:39 PM
-- Server version: 10.4.14-MariaDB
-- PHP Version: 7.4.11

SET SQL_MODE = "NO_AUTO_VALUE_ON_ZERO";
START TRANSACTION;
SET time_zone = "+00:00";


/*!40101 SET @OLD_CHARACTER_SET_CLIENT=@@CHARACTER_SET_CLIENT */;
/*!40101 SET @OLD_CHARACTER_SET_RESULTS=@@CHARACTER_SET_RESULTS */;
/*!40101 SET @OLD_COLLATION_CONNECTION=@@COLLATION_CONNECTION */;
/*!40101 SET NAMES utf8mb4 */;

--
-- Database: `coins_db`
--

-- --------------------------------------------------------

--
-- Table structure for table `albums`
--

CREATE TABLE `albums` (
  `id_album` tinyint(3) UNSIGNED NOT NULL,
  `name_album` varchar(255) NOT NULL,
  `space` smallint(5) UNSIGNED NOT NULL,
  `level` tinyint(3) UNSIGNED NOT NULL DEFAULT 1
) ENGINE=InnoDB DEFAULT CHARSET=utf8;

--
-- Dumping data for table `albums`
--

INSERT INTO `albums` (`id_album`, `name_album`, `space`, `level`) VALUES
(0, 'Без Альбома', 999, 3),
(1, 'Президенты США', 39, 2),
(2, 'Штаты', 56, 2),
(3, 'Парки и Заповедники', 56, 2),
(4, 'Sacagawea', 32, 2),
(5, 'Epcot', 12, 2),
(6, 'Россия', 144, 1),
(7, 'Биметаллические 10 рублей', 112, 2),
(8, 'Памятные 10-руб', 60, 2),
(9, 'Города-герои', 13, 2),
(10, '70 лет ВОВ', 26, 2),
(11, '200-летие 1812', 28, 2),
(12, 'Освобожденные столицы', 14, 2),
(13, 'Оружие Великой Победы', 19, 2),
(14, 'Человек Труда', 70, 2),
(15, 'Красная Книга', 15, 2),
(16, 'Россия до 97го', 60, 1),
(17, 'Олимпиада в Сочи 2014', 7, 2),
(18, 'Чемпионат Мира по Футболу 2018', 6, 2),
(19, 'Союзмультфильм', 6, 2),
(20, 'Красный', 72, 1),
(21, 'СССР', 120, 1),
(22, 'США', 96, 1),
(23, 'Памятные СССР', 64, 2),
(24, 'Европа', 96, 1),
(25, 'СНГ', 72, 1),
(26, 'Америка', 120, 1),
(27, '1 cent', 72, 1),
(28, 'Африка', 96, 1),
(29, 'Египет', 10, 2),
(30, 'Азия', 96, 1),
(31, 'Азия 2', 120, 1),
(32, 'Euros and Eurocents', 208, 2);

-- --------------------------------------------------------

--
-- Table structure for table `coins`
--

CREATE TABLE `coins` (
  `id_coin` int(10) UNSIGNED NOT NULL,
  `country` int(11) UNSIGNED NOT NULL DEFAULT 2,
  `denom` varchar(50) NOT NULL DEFAULT '1 cent',
  `name` varchar(255) NOT NULL DEFAULT '',
  `collection` tinyint(3) UNSIGNED NOT NULL DEFAULT 0,
  `year` smallint(4) NOT NULL DEFAULT 2099,
  `mint` tinyint(3) UNSIGNED NOT NULL DEFAULT 0,
  `circulation` bigint(20) UNSIGNED NOT NULL DEFAULT 999,
  `metal` tinyint(3) UNSIGNED NOT NULL DEFAULT 8,
  `quality` tinyint(3) UNSIGNED NOT NULL DEFAULT 1,
  `album` tinyint(3) UNSIGNED NOT NULL DEFAULT 0,
  `price` smallint(10) UNSIGNED NOT NULL DEFAULT 1,
  `quantity` tinyint(3) UNSIGNED NOT NULL DEFAULT 1
) ENGINE=InnoDB DEFAULT CHARSET=utf8;

--
-- Dumping data for table `coins`
--

INSERT INTO `coins` (`id_coin`, `country`, `denom`, `name`, `collection`, `year`, `mint`, `circulation`, `metal`, `quality`, `album`, `price`, `quantity`) VALUES
(1, 2, '25 cents', 'Delaware', 2, 1999, 3, 999, 7, 3, 2, 1, 2),
(2, 2, '25 cents', 'Pennsylvania', 2, 1999, 3, 999, 7, 3, 2, 1, 2),
(3, 2, '25 cents', 'New Jersey', 2, 1999, 3, 999, 7, 3, 2, 1, 2),
(4, 2, '25 cents', 'Georgia', 2, 1999, 3, 999, 7, 3, 2, 1, 2),
(5, 2, '25 cents', 'Connecticut', 2, 1999, 3, 999, 7, 3, 2, 1, 3),
(6, 2, '25 cents', 'Massachusetts', 2, 2000, 3, 999, 7, 3, 2, 1, 2),
(7, 2, '25 cents', 'Maryland', 2, 2000, 3, 999, 7, 3, 2, 1, 2),
(8, 2, '25 cents', 'South Carolina', 2, 2000, 3, 999, 7, 3, 2, 1, 2),
(9, 2, '25 cents', 'New Hampshire', 2, 2000, 3, 999, 7, 3, 2, 1, 2),
(10, 2, '25 cents', 'Virginia', 2, 2000, 3, 999, 7, 3, 2, 1, 4),
(11, 2, '25 cents', 'New York', 2, 2001, 3, 999, 7, 3, 2, 1, 3),
(12, 2, '25 cents', 'North Carolina', 2, 2001, 3, 999, 7, 3, 2, 1, 2),
(13, 2, '25 cents', 'Rhode Island', 2, 2001, 3, 999, 7, 3, 2, 1, 2),
(14, 2, '25 cents', 'Vermont', 2, 2001, 3, 999, 7, 3, 2, 1, 2),
(15, 2, '25 cents', 'Kentucky', 2, 2001, 3, 999, 7, 3, 2, 1, 2),
(16, 2, '25 cents', 'Tennessee', 2, 2002, 3, 999, 7, 3, 2, 1, 2),
(17, 2, '25 cents', 'Ohio', 2, 2002, 3, 999, 7, 3, 2, 1, 2),
(18, 2, '25 cents', 'Louisiana', 2, 2002, 3, 999, 7, 3, 2, 1, 2),
(19, 2, '25 cents', 'Indiana', 2, 2002, 3, 999, 7, 3, 2, 1, 2),
(20, 2, '25 cents', 'Mississippi', 2, 2002, 3, 999, 7, 3, 2, 1, 2),
(21, 2, '25 cents', 'Illinois', 2, 2003, 3, 999, 7, 3, 2, 1, 2),
(22, 2, '25 cents', 'Alabama', 2, 2003, 3, 999, 7, 3, 2, 1, 2),
(23, 2, '25 cents', 'Maine', 2, 2003, 3, 999, 7, 3, 2, 1, 1),
(24, 2, '25 cents', 'Missouri', 2, 2003, 3, 999, 7, 3, 2, 1, 2),
(25, 2, '25 cents', 'Arkansas', 2, 2003, 3, 999, 7, 3, 2, 1, 1),
(26, 2, '25 cents', 'Michigan', 2, 2004, 3, 999, 7, 3, 2, 1, 1),
(27, 2, '25 cents', 'Florida', 2, 2004, 3, 999, 7, 3, 2, 1, 2),
(28, 2, '25 cents', 'Texas', 2, 2004, 3, 999, 7, 3, 2, 1, 2),
(29, 2, '25 cents', 'Iowa', 2, 2004, 3, 999, 7, 3, 2, 1, 2),
(30, 2, '25 cents', 'Wisconsin', 2, 2004, 3, 999, 7, 3, 2, 1, 2),
(31, 2, '25 cents', 'California', 2, 2005, 3, 999, 7, 3, 2, 1, 2),
(32, 2, '25 cents', 'Minnesota', 2, 2005, 3, 999, 7, 3, 2, 1, 2),
(33, 2, '25 cents', 'Oregon', 2, 2005, 3, 999, 7, 3, 2, 1, 3),
(34, 2, '25 cents', 'Kansas', 2, 2005, 3, 999, 7, 3, 2, 1, 2),
(35, 2, '25 cents', 'West Virginia', 2, 2005, 3, 999, 7, 3, 2, 1, 2),
(36, 2, '25 cents', 'Nevada', 2, 2006, 3, 999, 7, 3, 2, 1, 2),
(37, 2, '25 cents', 'Nebraska', 2, 2006, 3, 999, 7, 3, 2, 1, 2),
(38, 2, '25 cents', 'Colorado', 2, 2006, 3, 999, 7, 3, 2, 1, 2),
(39, 2, '25 cents', 'North Dakota', 2, 2006, 3, 999, 7, 3, 2, 1, 2),
(40, 2, '25 cents', 'South Dakota', 2, 2006, 3, 999, 7, 3, 2, 1, 2),
(41, 2, '25 cents', 'Montana', 2, 2007, 3, 999, 7, 3, 2, 1, 2),
(42, 2, '25 cents', 'Washington', 2, 2007, 3, 999, 7, 3, 2, 1, 2),
(43, 2, '25 cents', 'Idaho', 2, 2007, 3, 999, 7, 3, 2, 1, 1),
(44, 2, '25 cents', 'Wyoming', 2, 2007, 3, 999, 7, 3, 2, 1, 2),
(45, 2, '25 cents', 'Utah', 2, 2007, 3, 999, 7, 3, 2, 1, 2),
(46, 2, '25 cents', 'Oklahoma', 2, 2008, 3, 999, 7, 3, 2, 1, 4),
(47, 2, '25 cents', 'New Mexico', 2, 2008, 3, 999, 7, 3, 2, 1, 2),
(48, 2, '25 cents', 'Arizona', 2, 2008, 3, 999, 7, 3, 2, 1, 3),
(49, 2, '25 cents', 'Alaska', 2, 2008, 3, 999, 7, 3, 2, 1, 2),
(50, 2, '25 cents', 'Hawaii', 2, 2008, 3, 999, 7, 3, 2, 1, 2),
(51, 2, '25 cents', 'District Of Columbia', 2, 2009, 3, 999, 7, 3, 2, 1, 2),
(52, 2, '25 cents', 'Puerto Rico', 2, 2009, 3, 999, 7, 3, 2, 1, 2),
(53, 2, '25 cents', 'U.S. Virgin Islands', 2, 2009, 3, 999, 7, 3, 2, 1, 2),
(54, 2, '25 cents', 'American Samoa', 2, 2009, 3, 999, 7, 3, 2, 1, 2),
(55, 2, '25 cents', 'Guam', 2, 2009, 3, 999, 7, 3, 2, 1, 1),
(56, 2, '25 cents', 'Northen Mariana Islands', 2, 2009, 3, 999, 7, 3, 2, 1, 1),
(57, 2, '25 cents', 'Hot Springs | Arkansas', 3, 2010, 3, 999, 7, 3, 3, 1, 2),
(58, 2, '25 cents', 'Yellowstone | Wyoming', 3, 2010, 3, 999, 7, 3, 3, 1, 2),
(59, 2, '25 cents', 'Yosemite | California', 3, 2010, 3, 999, 7, 3, 3, 1, 1),
(60, 2, '25 cents', 'Grand Canyon | Arizona', 3, 2010, 3, 999, 7, 3, 3, 1, 1),
(61, 2, '25 cents', 'Mount Hood | Oregon', 3, 2010, 3, 999, 7, 3, 3, 1, 2),
(62, 2, '25 cents', 'Gettysburg | Pennsylvania', 3, 2011, 3, 999, 7, 3, 3, 1, 1),
(63, 2, '25 cents', 'Glacier | Montana', 3, 2011, 3, 999, 7, 3, 3, 1, 1),
(64, 2, '25 cents', 'Olympic | Washington', 3, 2011, 3, 999, 7, 3, 3, 1, 2),
(65, 2, '25 cents', 'Vicksburg | Mississippi', 3, 2011, 3, 999, 7, 3, 3, 1, 1),
(66, 2, '25 cents', 'Chickasaw | Oklahoma', 3, 2011, 3, 999, 7, 3, 3, 1, 2),
(67, 2, '25 cents', 'El Yunque | Puerto Rico', 3, 2012, 3, 999, 7, 3, 3, 1, 1),
(68, 2, '25 cents', 'Chaco Culture | New Mexico', 3, 2012, 3, 999, 7, 3, 3, 1, 1),
(69, 2, '25 cents', 'Acadia | Maine', 3, 2012, 3, 999, 7, 3, 3, 1, 1),
(70, 2, '25 cents', 'Hawaii Volcanoes | Hawaii', 3, 2012, 3, 999, 7, 3, 3, 1, 1),
(71, 2, '25 cents', 'Denali | Alaska', 3, 2012, 3, 999, 7, 3, 3, 1, 2),
(72, 2, '25 cents', 'White Mountain | New Hampshire', 3, 2013, 3, 999, 7, 3, 3, 1, 2),
(73, 2, '25 cents', 'Perry\'s Victory | Ohio', 3, 2013, 3, 999, 7, 3, 3, 1, 2),
(74, 2, '25 cents', 'Great Basin | Nevada', 3, 2013, 3, 999, 7, 3, 3, 1, 2),
(75, 2, '25 cents', 'Fort McHenry | Maryland', 3, 2013, 3, 999, 7, 3, 3, 1, 2),
(76, 2, '25 cents', 'Mount Rushmore | South Dakota', 3, 2013, 3, 999, 7, 3, 3, 1, 2),
(77, 2, '25 cents', 'Great Smoky Mountains | Tennessee', 3, 2014, 3, 999, 7, 3, 3, 1, 2),
(78, 2, '25 cents', 'Shenandoah | Virginia', 3, 2014, 3, 999, 7, 3, 3, 1, 3),
(79, 2, '25 cents', 'Arches | Utah', 3, 2014, 3, 999, 7, 3, 3, 1, 2),
(80, 2, '25 cents', 'Great Sand Dunes | Colorado', 3, 2014, 3, 999, 7, 3, 3, 1, 2),
(81, 2, '25 cents', 'Everglades | Florida', 3, 2014, 3, 999, 7, 3, 3, 1, 2),
(82, 2, '25 cents', 'Homestead | Nebraska', 3, 2015, 3, 999, 7, 3, 3, 1, 2),
(83, 2, '25 cents', 'Kisatchie | Louisiana', 3, 2015, 3, 999, 7, 3, 3, 1, 2),
(84, 2, '25 cents', 'Blue Ridge Parkway | North Carolina', 3, 2015, 3, 999, 7, 3, 3, 1, 2),
(85, 2, '25 cents', 'Bombay Hook | Delaware', 3, 2015, 3, 999, 7, 3, 3, 1, 2),
(86, 2, '25 cents', 'Saratoga | New York', 3, 2015, 3, 999, 7, 3, 3, 1, 3),
(87, 2, '25 cents', 'Shawnee | Illinois', 3, 2016, 3, 999, 7, 3, 3, 1, 2),
(88, 2, '25 cents', 'Cumberland Gap | Kentucky', 3, 2016, 3, 999, 7, 3, 3, 1, 3),
(89, 2, '25 cents', 'Harpers Ferry | West Virginia', 3, 2016, 3, 999, 7, 3, 3, 1, 3),
(90, 2, '25 cents', 'Theodore Roosevelt | North Dakota', 3, 2016, 3, 999, 7, 3, 3, 1, 1),
(91, 2, '25 cents', 'Fort Moultrie | South Carolina', 3, 2016, 3, 999, 7, 3, 3, 1, 3),
(92, 2, '25 cents', 'Effigy Mounds | Iowa', 3, 2017, 3, 999, 7, 3, 3, 1, 1),
(93, 2, '25 cents', 'Frederick Douglass | DC', 3, 2017, 3, 999, 7, 3, 3, 1, 1),
(94, 2, '25 cents', 'Ozark Riverways | Missouri', 3, 2017, 3, 999, 7, 3, 3, 1, 1),
(95, 2, '25 cents', 'Ellis Islands | New Jersey', 3, 2017, 3, 999, 7, 3, 3, 1, 2),
(96, 2, '25 cents', 'George Rogers Clark | Indiana', 3, 2017, 3, 999, 7, 3, 3, 1, 2),
(97, 2, '25 cents', 'Pictured Rocks | Michigan', 3, 2018, 3, 999, 7, 3, 3, 1, 2),
(98, 2, '25 cents', 'Voyageurs | Minnesota', 3, 2018, 3, 999, 7, 3, 3, 1, 1),
(99, 2, '25 cents', 'Block Island | Rhode Island', 3, 2018, 3, 999, 7, 3, 3, 1, 2),
(100, 2, '25 cents', 'Lowell | Massachusetts', 3, 2019, 3, 999, 7, 3, 3, 1, 1),
(101, 2, '25 cents', 'American Memorial Park | Notrhen Mariana Islands', 3, 2019, 3, 999, 7, 3, 3, 1, 1),
(102, 2, '25 cents', 'War in the Pacific | Guam', 3, 2019, 3, 999, 7, 3, 3, 1, 3),
(103, 2, '25 cents', 'San Antonio Missions | Texas', 3, 2019, 3, 999, 7, 3, 3, 1, 3),
(104, 2, '25 cents', 'River of no Return | Idaho', 3, 2019, 3, 999, 7, 3, 3, 1, 1),
(105, 2, '25 cents', 'National Park | American Samoa', 3, 2020, 3, 999, 7, 3, 3, 1, 2),
(106, 2, '25 cents', 'Weir Farm | Connecticut', 3, 2020, 3, 999, 7, 3, 3, 1, 1),
(107, 2, '25 cents', 'Salt River Bay | U.S. Virgin Islands', 3, 2020, 3, 999, 7, 3, 3, 1, 2),
(108, 2, '25 cents', 'Marsh-Billings-Rockefeller | Vermont', 3, 2020, 3, 999, 7, 3, 3, 1, 1),
(109, 2, '1 dollar', 'George Washington | 1st | 1789-1797', 1, 2007, 3, 340360000, 8, 2, 1, 3, 1),
(110, 2, '1 dollar', 'John Adams | 2nd | 1797-1801', 1, 2007, 3, 224560000, 8, 2, 1, 3, 1),
(111, 2, '1 dollar', 'Thomas Jefferson | 3rd | 1801-1809', 1, 2007, 3, 203610000, 8, 2, 1, 3, 2),
(112, 2, '1 dollar', 'James Madison | 4th | 1809-1817', 1, 2007, 3, 172340000, 8, 2, 1, 3, 1),
(113, 2, '1 dollar', 'James Monroe | 5th | 1817-1825', 1, 2008, 3, 124490000, 8, 2, 1, 3, 1),
(114, 2, '1 dollar', 'John Quincy Adams | 6th | 1825-1829', 1, 2008, 3, 115260000, 8, 2, 1, 3, 1),
(115, 2, '1 dollar', 'Andrew Jackson | 7th | 1829-1837', 1, 2008, 3, 122250000, 8, 2, 1, 3, 1),
(116, 2, '1 dollar', 'Martin Van Buren | 8th | 1837-1841', 1, 2008, 3, 102480000, 8, 2, 1, 3, 1),
(117, 2, '1 dollar', 'William Henry Harrison | 9th | 1841', 1, 2009, 3, 98420000, 8, 2, 1, 3, 2),
(118, 2, '1 dollar', 'John Tyler | 10th | 1841-1845', 1, 2009, 3, 87080000, 8, 2, 1, 3, 2),
(119, 2, '1 dollar', 'James K. Polk | 11th | 1845-1849', 1, 2009, 3, 88340000, 8, 2, 1, 3, 1),
(120, 2, '1 dollar', 'Zachary Taylor | 12th | 1849-1850', 1, 2009, 3, 78260000, 8, 2, 1, 3, 1),
(121, 2, '1 dollar', 'Millard Fillmore | 13th | 1850-1853', 1, 2010, 3, 74480000, 8, 2, 1, 3, 1),
(122, 2, '1 dollar', 'Franklin Pierce | 14th | 1853-1857', 1, 2010, 3, 76580000, 8, 2, 1, 3, 1),
(123, 2, '1 dollar', 'James Buchanan | 15th | 1857-1861', 1, 2010, 3, 73360000, 8, 2, 1, 3, 1),
(124, 2, '1 dollar', 'Abraham Lincoln | 16th | 1861-1865', 1, 2010, 3, 97020000, 8, 2, 1, 3, 1),
(125, 2, '1 dollar', 'Andrew Johnson | 17th | 1865-1869', 1, 2010, 3, 72660000, 8, 2, 1, 3, 1),
(126, 2, '1 dollar', 'Ulysses S. Grant | 18th | 1869-1877', 1, 2011, 3, 76020000, 8, 2, 1, 3, 1),
(127, 2, '1 dollar', 'Rutherford B. Hayes | 19th | 1877-1881', 1, 2011, 3, 74480000, 8, 2, 1, 3, 1),
(128, 2, '1 dollar', 'James Garfield | 20th | 1881', 1, 2011, 3, 74200000, 8, 2, 1, 3, 1),
(129, 2, '1 dollar', 'Chester Arthur | 21st | 1881-1885', 1, 2012, 3, 10080000, 8, 2, 1, 3, 1),
(130, 2, '1 dollar', 'Grover Cleveland | 22nd | 1885-1889', 1, 2012, 3, 9520000, 8, 2, 1, 3, 1),
(131, 2, '1 dollar', 'Benjamin Harrison | 23rd | 1889-1893', 1, 2012, 3, 9840000, 8, 2, 1, 3, 1),
(132, 2, '1 dollar', 'Grover Cleveland | 24th | 1893-1897', 1, 2012, 3, 14600000, 8, 2, 1, 3, 1),
(133, 2, '1 dollar', 'William McKinley | 25th | 1897-1901', 1, 2013, 3, 8120000, 8, 2, 1, 3, 1),
(134, 2, '1 dollar', 'Theodore Roosevelt | 26th | 1901-1909', 1, 2013, 3, 9230000, 8, 2, 1, 3, 1),
(135, 2, '1 dollar', 'William Howard Taft | 27th | 1909-1913', 1, 2013, 3, 8120000, 8, 2, 1, 3, 1),
(136, 2, '1 dollar', 'Woodrow Wilson | 28th | 1913-1921', 1, 2013, 3, 7980000, 8, 2, 1, 3, 1),
(137, 2, '1 dollar', 'Warren G. Harding | 29th | 1921-1929', 1, 2014, 3, 9940000, 8, 2, 1, 3, 1),
(138, 2, '1 dollar', 'Calvin Coolidge | 30th | 1923-1929', 1, 2014, 3, 8260000, 8, 2, 1, 3, 1),
(139, 2, '1 dollar', 'Herbert Hoover | 31st | 1929-1933', 1, 2014, 3, 8260000, 8, 2, 1, 3, 1),
(140, 2, '1 dollar', 'Franklin D. Roosevelt | 32nd | 1933-1945', 1, 2014, 3, 8680000, 8, 2, 1, 3, 1),
(141, 2, '1 dollar', 'Harry S. Truman | 33rd | 1945-1953', 1, 2015, 3, 8260000, 8, 2, 1, 3, 1),
(142, 2, '1 dollar', 'Dwight D. Eisenhower | 34th | 1953-1961', 1, 2015, 3, 8540000, 8, 2, 1, 3, 1),
(143, 2, '1 dollar', 'John F. Kennedy | 35th | 1961-1963', 1, 2015, 3, 10360000, 8, 2, 1, 3, 1),
(144, 2, '1 dollar', 'Lyndon B. Johnson | 36th | 1963-1969', 1, 2015, 3, 8260000, 8, 2, 1, 3, 1),
(145, 2, '1 dollar', 'Richard M. Nixon | 37th | 1969-1974', 1, 2016, 3, 10000000, 8, 2, 1, 3, 1),
(146, 2, '1 dollar', 'Gerald R. Ford | 38th | 1974-1977', 1, 2016, 3, 10500000, 8, 2, 1, 3, 1),
(147, 2, '1 dollar', 'Ronald Reagan | 40th | 1981-1989', 1, 2016, 3, 13020000, 8, 2, 1, 3, 1),
(148, 2, '1 dollar', '2000-P', 20, 2000, 4, 767140000, 8, 3, 4, 3, 1),
(149, 2, '1 dollar', '2000-D', 20, 2000, 3, 518916000, 8, 2, 4, 3, 1),
(150, 2, '1 dollar', '2001-P', 20, 2001, 4, 62500000, 8, 3, 4, 3, 1),
(151, 2, '1 dollar', '2001-D', 20, 2001, 3, 70939500, 8, 3, 4, 3, 1),
(152, 2, '1 dollar', '2008-P', 20, 2008, 4, 1820000, 8, 2, 4, 3, 1),
(153, 2, '1 dollar', '2008-D', 20, 2008, 3, 1820000, 8, 2, 4, 3, 1),
(154, 2, '1 dollar', '2009-P', 20, 2009, 4, 37380000, 8, 2, 4, 3, 1),
(155, 2, '1 dollar', '2009-D', 20, 2009, 3, 33880000, 8, 2, 4, 3, 1),
(156, 2, '1 dollar', '2010-P', 20, 2010, 4, 32060000, 8, 2, 4, 3, 1),
(157, 2, '1 dollar', '2010-D', 20, 2010, 3, 48720000, 8, 2, 4, 3, 1),
(158, 2, '1 dollar', '2011-D', 20, 2011, 3, 48160000, 8, 2, 4, 3, 1),
(159, 2, '1 dollar', '2012-P', 20, 2012, 4, 2800000, 8, 2, 4, 3, 1),
(160, 2, '1 dollar', '2013-D', 20, 2013, 3, 1820000, 8, 2, 4, 3, 1),
(161, 2, '1 dollar', '2014-D', 20, 2014, 3, 5600000, 8, 2, 4, 3, 1),
(162, 2, '1 cent', 'Wheat', 0, 1915, 3, 22050000, 4, 3, 27, 1, 1),
(163, 2, '1 cent', 'Wheat', 0, 1940, 0, 586810000, 4, 3, 27, 1, 1),
(164, 2, '1 cent', 'Union Shield', 0, 2020, 0, 3560800000, 8, 2, 27, 1, 2),
(165, 2, '1 cent', 'White House', 0, 1960, 0, 586405000, 4, 3, 27, 1, 1),
(166, 2, '1 cent', 'White House', 0, 1961, 0, 753345000, 4, 3, 27, 1, 1),
(167, 2, '1 cent', 'White House', 0, 1962, 0, 606045000, 4, 3, 27, 1, 1),
(168, 2, '1 cent', 'White House', 0, 1964, 0, 2451945000, 8, 3, 27, 1, 1),
(169, 2, '1 cent', 'White House', 0, 1968, 3, 2886269600, 8, 5, 27, 1, 1),
(170, 2, '1 cent', 'White House', 0, 1969, 3, 4002832200, 8, 3, 27, 1, 2),
(171, 2, '1 cent', 'White House', 0, 1970, 5, 690560004, 8, 3, 27, 1, 1),
(172, 2, '1 cent', 'White House', 0, 1971, 0, 1919490000, 8, 3, 27, 1, 1),
(173, 2, '1 cent', 'White House', 0, 1972, 0, 2933255000, 8, 3, 27, 1, 1),
(174, 2, '1 cent', 'White House', 0, 1974, 0, 4103183000, 8, 3, 27, 1, 2),
(175, 2, '1 cent', 'White House', 0, 1975, 0, 3874182000, 8, 3, 27, 1, 2),
(176, 2, '1 cent', 'White House', 0, 1976, 0, 3133580000, 8, 3, 27, 1, 1),
(177, 2, '1 cent', 'White House', 0, 1977, 0, 3074575000, 8, 3, 27, 1, 2),
(178, 2, '1 cent', 'White House', 0, 1978, 0, 3735655000, 8, 3, 27, 1, 1),
(179, 2, '1 cent', 'White House', 0, 1979, 0, 3560940000, 8, 3, 27, 1, 1),
(180, 2, '1 cent', 'White House', 0, 1980, 0, 4653915000, 8, 3, 27, 1, 1),
(181, 2, '1 cent', 'White House', 0, 1981, 0, 7491750000, 8, 3, 27, 1, 1),
(182, 2, '1 cent', 'White House', 0, 1982, 0, 10712525000, 8, 3, 27, 1, 4),
(183, 2, '1 cent', 'White House', 0, 1983, 0, 7752355000, 8, 3, 27, 1, 3),
(184, 2, '1 cent', 'White House', 0, 1984, 0, 8151079000, 8, 6, 27, 1, 1),
(185, 2, '1 cent', 'White House', 0, 1985, 0, 5648489887, 8, 3, 27, 1, 1),
(186, 2, '1 cent', 'White House', 0, 1987, 0, 4682466931, 8, 3, 27, 1, 2),
(187, 2, '1 cent', 'White House', 0, 1988, 0, 6092810000, 8, 3, 27, 1, 1),
(188, 2, '1 cent', 'White House', 0, 1989, 0, 7261535000, 8, 3, 27, 1, 2),
(189, 2, '1 cent', 'White House', 0, 1991, 0, 5165940000, 8, 5, 27, 1, 1),
(190, 2, '1 cent', 'White House', 0, 1992, 0, 4648905000, 8, 3, 27, 1, 2),
(191, 2, '1 cent', 'White House', 0, 1993, 0, 5684705000, 8, 3, 27, 1, 1),
(192, 2, '1 cent', 'White House', 0, 1994, 0, 6500850000, 8, 3, 27, 1, 1),
(193, 2, '1 cent', 'White House', 0, 1995, 0, 6411440000, 8, 3, 27, 1, 2),
(194, 2, '1 cent', 'White House', 0, 1996, 0, 6612465000, 8, 3, 27, 1, 4),
(195, 2, '1 cent', 'White House', 0, 1997, 0, 4622800000, 8, 3, 27, 1, 1),
(196, 2, '1 cent', 'White House', 0, 1999, 0, 5237600000, 8, 4, 27, 1, 1),
(197, 2, '1 cent', 'White House', 0, 2000, 0, 5503200000, 8, 3, 27, 1, 3),
(198, 2, '1 cent', 'White House', 0, 2001, 0, 4959600000, 8, 3, 27, 1, 1),
(199, 2, '1 cent', 'White House', 0, 2002, 0, 3260800000, 8, 3, 27, 1, 1),
(200, 2, '1 cent', 'White House', 0, 2003, 0, 3300000000, 8, 6, 27, 1, 1),
(201, 2, '1 cent', 'White House', 0, 2004, 0, 3456400000, 8, 3, 27, 1, 1),
(202, 2, '1 cent', 'White House', 0, 2005, 0, 3935600000, 8, 2, 27, 1, 1),
(203, 2, '1 cent', 'White House', 0, 2006, 0, 4290000000, 8, 3, 27, 1, 1),
(204, 2, '1 cent', 'White House', 0, 2007, 0, 3762400000, 8, 3, 27, 1, 3),
(205, 2, '1 cent', 'White House', 0, 2008, 0, 2569600000, 8, 4, 27, 1, 1),
(206, 2, '1 cent', 'Professional Life in Illinois', 5, 2009, 0, 316000000, 8, 3, 0, 1, 2),
(207, 2, '1 cent', 'Union Shield', 0, 2010, 0, 1963630000, 8, 2, 27, 1, 3),
(208, 2, '1 cent', 'Union Shield', 0, 2012, 0, 3132000000, 8, 3, 27, 1, 1),
(209, 2, '1 cent', 'Union Shield', 0, 2013, 0, 3750400000, 8, 2, 27, 1, 1),
(210, 2, '1 cent', 'Union Shield', 0, 2014, 0, 3990800000, 8, 2, 27, 1, 1),
(211, 2, '1 cent', 'Union Shield', 0, 2015, 0, 4464100000, 8, 2, 27, 1, 2),
(212, 2, '1 cent', 'Union Shield', 0, 2016, 0, 4698400000, 8, 2, 27, 1, 4),
(213, 2, '1 cent', 'Union Shield', 0, 2017, 4, 4361220000, 8, 2, 27, 1, 1),
(214, 2, '1 cent', 'Union Shield', 0, 2018, 3, 3738400000, 8, 2, 27, 1, 1),
(215, 2, '1 cent', 'Union Shield', 0, 2019, 0, 3542800000, 8, 2, 27, 1, 2),
(216, 2, '1 dime', '-', 0, 1965, 4, 1652140570, 7, 3, 22, 1, 1),
(217, 2, '1 dime', '-', 0, 1966, 4, 1382734540, 7, 3, 22, 1, 1),
(218, 2, '1 dime', '-', 0, 1977, 0, 796930000, 7, 3, 22, 1, 1),
(219, 2, '1 dime', '-', 0, 1980, 4, 735170000, 7, 3, 22, 1, 1),
(220, 2, '1 dime', '-', 0, 1983, 3, 730129224, 7, 3, 22, 1, 1),
(221, 2, '1 dime', '-', 0, 1985, 4, 705200962, 7, 3, 22, 1, 1),
(222, 2, '1 dime', '-', 0, 1987, 4, 762709481, 7, 3, 22, 1, 1),
(223, 2, '1 dime', '-', 0, 1993, 4, 766180000, 7, 3, 22, 1, 1),
(224, 2, '1 dime', '-', 0, 1997, 3, 979810000, 7, 3, 22, 1, 1),
(225, 2, '1 dime', '-', 0, 1998, 4, 1163000000, 7, 3, 22, 1, 1),
(226, 2, '1 dime', '-', 0, 1999, 4, 2164000000, 7, 3, 22, 1, 2),
(227, 2, '1 dime', '-', 0, 2000, 3, 1818700000, 7, 3, 22, 1, 1),
(228, 2, '1 dime', '-', 0, 2001, 3, 1412800000, 7, 3, 22, 1, 1),
(229, 2, '1 dime', '-', 0, 2002, 4, 1187500000, 7, 3, 22, 1, 2),
(230, 2, '1 dime', '-', 0, 2005, 4, 1412000000, 7, 3, 22, 1, 1),
(231, 2, '1 dime', '-', 0, 2005, 3, 1423500000, 7, 3, 22, 1, 1),
(232, 2, '1 dime', '-', 0, 2007, 4, 391000000, 7, 3, 22, 1, 2),
(233, 2, '1 dime', '-', 0, 2008, 4, 413000000, 7, 3, 22, 1, 1),
(234, 2, '1 dime', '-', 0, 2010, 4, 557000000, 7, 3, 22, 1, 1),
(235, 2, '1 dime', '-', 0, 2011, 4, 748000000, 7, 3, 22, 1, 1),
(236, 2, '1 dime', '-', 0, 2014, 4, 1023000000, 7, 3, 22, 1, 1),
(237, 2, '1 dime', '-', 0, 2018, 4, 999, 7, 3, 22, 1, 2),
(238, 2, '1 dime', '-', 0, 2019, 3, 999, 7, 3, 22, 1, 1),
(239, 2, '1 dime', '-', 0, 1978, 0, 999, 7, 3, 22, 1, 1),
(240, 2, '5 cents', 'Lewis & Clary', 0, 2004, 4, 999, 7, 3, 22, 1, 1),
(241, 2, '5 cents', 'Louisiana Purchase', 0, 2004, 4, 999, 7, 3, 22, 1, 2),
(242, 2, '5 cents', 'Monticello', 0, 2007, 3, 999, 7, 3, 22, 1, 1),
(243, 2, '5 cents', 'Ocean in view! O! The joy!', 0, 2005, 3, 999, 7, 3, 22, 1, 1),
(244, 2, '5 cents', 'Bison', 0, 2005, 3, 999, 7, 3, 22, 1, 1),
(245, 2, '25 cents', '-', 0, 1988, 3, 999, 7, 3, 22, 1, 1),
(246, 2, '5 cents', 'Monticello', 0, 1964, 0, 999, 7, 3, 22, 1, 1),
(247, 2, '5 cents', 'Monticello', 0, 1970, 3, 999, 7, 3, 22, 1, 2),
(248, 2, '5 cents', 'Monticello', 0, 1974, 3, 999, 7, 3, 22, 1, 1),
(249, 2, '5 cents', 'Monticello', 0, 1980, 4, 999, 7, 3, 22, 1, 1),
(250, 2, '5 cents', 'Monticello', 0, 1984, 3, 999, 7, 3, 22, 1, 1),
(251, 2, '5 cents', 'Monticello', 0, 1987, 4, 999, 7, 3, 22, 1, 1),
(252, 2, '5 cents', 'Monticello', 0, 1988, 4, 999, 7, 3, 22, 1, 1),
(253, 2, '5 cents', 'Monticello', 0, 1988, 3, 999, 7, 3, 22, 1, 1),
(254, 2, '5 cents', 'Monticello', 0, 1992, 3, 999, 7, 3, 22, 1, 1),
(255, 2, '5 cents', 'Monticello', 0, 1994, 4, 999, 7, 3, 22, 1, 1),
(256, 2, '5 cents', 'Monticello', 0, 1996, 4, 999, 7, 3, 22, 1, 1),
(257, 2, '5 cents', 'Monticello', 0, 1998, 4, 999, 7, 3, 22, 1, 3),
(258, 2, '5 cents', 'Monticello', 0, 1989, 4, 999, 7, 3, 22, 1, 2),
(259, 2, '5 cents', 'Monticello', 0, 1999, 4, 999, 7, 3, 22, 1, 2),
(260, 2, '5 cents', 'Monticello', 0, 1999, 3, 999, 7, 3, 22, 1, 1),
(261, 2, '5 cents', 'Monticello', 0, 2000, 4, 999, 7, 3, 22, 1, 1),
(262, 2, '5 cents', 'Monticello', 0, 2000, 3, 999, 7, 3, 22, 1, 1),
(263, 2, '5 cents', 'Monticello', 0, 2002, 3, 999, 7, 3, 22, 1, 2),
(264, 2, '5 cents', 'Monticello', 0, 2007, 4, 999, 7, 3, 22, 1, 1),
(265, 2, '5 cents', 'Monticello', 0, 2012, 3, 999, 7, 3, 22, 1, 1),
(266, 2, '1 cent', 'White House', 0, 1962, 3, 1793148400, 4, 3, 22, 1, 2),
(267, 2, '1 cent', 'White House', 0, 1970, 3, 2891438900, 8, 3, 22, 1, 1),
(268, 2, '1 cent', 'White House', 0, 1972, 3, 2665071400, 8, 3, 22, 1, 1),
(269, 2, '1 cent', 'White House', 0, 1980, 3, 5140098660, 8, 3, 22, 1, 2),
(270, 2, '1 cent', 'White House', 0, 1982, 3, 6012979368, 8, 3, 22, 1, 2),
(271, 2, '1 cent', 'White House', 0, 1989, 3, 5345467111, 8, 3, 22, 1, 1),
(272, 2, '1 cent', 'White House', 0, 1996, 3, 6510795000, 8, 3, 22, 1, 2),
(273, 2, '1 cent', 'White House', 0, 2010, 3, 2407200000, 8, 3, 22, 1, 1),
(274, 2, '25 cents', '-', 0, 1965, 0, 999, 7, 3, 22, 1, 1),
(275, 2, '25 cents', '-', 0, 1967, 0, 999, 7, 3, 22, 1, 2),
(276, 2, '25 cents', '1776-1976 | Drumer', 0, 1976, 3, 999, 7, 3, 22, 1, 2),
(277, 2, '25 cents', '-', 0, 1979, 3, 999, 7, 3, 22, 1, 1),
(278, 2, '25 cents', '-', 0, 1984, 4, 999, 7, 3, 22, 1, 1),
(279, 2, '25 cents', '-', 0, 1986, 4, 999, 7, 3, 22, 1, 3),
(280, 2, '25 cents', '-', 0, 1989, 3, 999, 7, 3, 22, 1, 1),
(281, 2, '25 cents', '-', 0, 1991, 4, 999, 7, 3, 22, 1, 1),
(282, 2, '25 cents', '-', 0, 1992, 3, 999, 7, 3, 22, 1, 1),
(283, 2, '25 cents', '-', 0, 1995, 3, 999, 7, 3, 22, 1, 1),
(284, 2, '25 cents', '-', 0, 1996, 3, 999, 7, 3, 22, 1, 1),
(285, 2, '25 cents', '-', 0, 1981, 4, 999, 7, 3, 22, 1, 1),
(286, 2, '1 cent', 'White House', 0, 1976, 3, 999, 8, 3, 22, 1, 1),
(287, 2, '1 dollar', '-', 0, 1979, 4, 999, 7, 2, 22, 3, 2),
(288, 2, '1 dollar', '-', 0, 1980, 3, 999, 7, 2, 22, 3, 2),
(289, 2, '1 dollar', '-', 0, 1999, 4, 999, 7, 2, 22, 3, 1),
(290, 1, '10 рублей', '55 Лет Победы', 22, 2000, 1, 10000000, 17, 3, 7, 1, 2),
(291, 1, '10 рублей', '55 Лет Победы', 22, 2000, 2, 10000000, 17, 3, 7, 1, 2),
(292, 1, '10 рублей', 'Гагарин', 22, 2001, 1, 10000000, 17, 3, 7, 1, 2),
(293, 1, '10 рублей', 'Гагарин', 22, 2001, 2, 10000000, 17, 3, 7, 1, 1),
(294, 1, '10 рублей', 'Дербент', 4, 2002, 2, 5000000, 17, 3, 7, 1, 1),
(295, 1, '10 рублей', 'Кострома', 4, 2002, 1, 5000000, 17, 3, 7, 1, 2),
(296, 1, '10 рублей', 'Старая Русса', 4, 2002, 1, 5000000, 17, 3, 7, 1, 1),
(297, 1, '10 рублей', 'Вооруженные Силы', 4, 2002, 2, 5000000, 17, 3, 7, 1, 1),
(298, 1, '10 рублей', 'МИД', 23, 2002, 1, 5000000, 17, 3, 7, 1, 1),
(299, 1, '10 рублей', 'МинЮст', 23, 2002, 1, 5000000, 17, 3, 7, 1, 1),
(300, 1, '10 рублей', 'МВД', 23, 2002, 2, 5000000, 17, 3, 7, 1, 1),
(301, 1, '10 рублей', 'МинФин', 23, 2002, 1, 5000000, 17, 3, 7, 1, 1),
(302, 1, '10 рублей', 'МинЭконом', 23, 2002, 1, 5000000, 17, 3, 7, 1, 1),
(303, 1, '10 рублей', 'МинОбразования', 23, 2002, 2, 5000000, 17, 3, 7, 1, 1),
(304, 1, '10 рублей', 'Псков', 4, 2003, 1, 5000000, 17, 3, 7, 1, 1),
(305, 1, '10 рублей', 'Муром', 4, 2003, 1, 5000000, 17, 3, 7, 1, 1),
(306, 1, '10 рублей', 'Доргобуж', 4, 2003, 2, 5000000, 17, 3, 7, 1, 1),
(307, 1, '10 рублей', 'Касимов', 4, 2003, 1, 5000000, 17, 3, 7, 1, 1),
(308, 1, '10 рублей', 'Дмитров', 4, 2004, 2, 5000000, 17, 3, 7, 1, 1),
(309, 1, '10 рублей', 'Ряжск', 4, 2004, 2, 5000000, 17, 3, 7, 1, 1),
(310, 1, '10 рублей', 'Кемь', 4, 2004, 1, 5000000, 17, 3, 7, 1, 1),
(311, 1, '10 рублей', '60 Лет Победы', 22, 2005, 1, 30000000, 17, 3, 7, 1, 3),
(312, 1, '10 рублей', '60 Лет Победы', 22, 2005, 2, 30000000, 17, 3, 7, 1, 2),
(313, 1, '10 рублей', 'Калининград', 4, 2005, 2, 5000000, 17, 3, 7, 1, 1),
(314, 1, '10 рублей', 'Казань', 4, 2005, 1, 5000000, 17, 3, 7, 1, 1),
(315, 1, '10 рублей', 'Мценск', 4, 2005, 2, 5000000, 17, 3, 7, 1, 1),
(316, 1, '10 рублей', 'Боровск', 4, 2005, 1, 5000000, 17, 3, 7, 1, 1),
(317, 1, '10 рублей', 'Ленинградская Область', 21, 2005, 1, 10000000, 17, 3, 7, 1, 1),
(318, 1, '10 рублей', 'Тверская Область', 21, 2005, 2, 10000000, 17, 3, 7, 1, 1),
(319, 1, '10 рублей', 'Орловская Область', 21, 2005, 2, 10000000, 17, 3, 7, 1, 1),
(320, 1, '10 рублей', 'Краснодарский Край', 21, 2005, 2, 10000000, 17, 3, 7, 1, 1),
(321, 1, '10 рублей', 'Республика Татарстан', 21, 2005, 1, 10000000, 17, 3, 7, 1, 1),
(322, 1, '10 рублей', 'Москва', 21, 2005, 2, 10000000, 17, 3, 7, 1, 1),
(323, 1, '10 рублей', 'Приморский Край', 21, 2006, 2, 10000000, 17, 3, 7, 1, 1),
(324, 1, '10 рублей', 'Сахалинская Область', 21, 2006, 2, 10000000, 17, 3, 7, 1, 1),
(325, 1, '10 рублей', 'Республика Саха', 21, 2006, 1, 10000000, 17, 3, 7, 1, 1),
(326, 1, '10 рублей', 'Читинская Область', 21, 2006, 1, 10000000, 17, 3, 7, 1, 1),
(327, 1, '10 рублей', 'Республика Алтай', 21, 2006, 1, 10000000, 17, 3, 7, 1, 1),
(328, 1, '10 рублей', 'Белгород', 4, 2006, 2, 5000000, 17, 3, 7, 1, 1),
(329, 1, '10 рублей', 'Торжок', 4, 2006, 1, 5000000, 17, 3, 7, 1, 1),
(330, 1, '10 рублей', 'Каргополь', 4, 2006, 2, 5000000, 17, 3, 7, 1, 1),
(331, 1, '10 рублей', 'Республика Башкортостан', 21, 2007, 2, 10000000, 17, 3, 7, 1, 1),
(332, 1, '10 рублей', 'Ростовская Область', 21, 2007, 1, 10000000, 17, 3, 7, 1, 1),
(333, 1, '10 рублей', 'Новосибирская Область', 21, 2007, 2, 10000000, 17, 3, 7, 1, 1),
(334, 1, '10 рублей', 'Республика Хакасия', 21, 2007, 1, 10000000, 17, 3, 7, 1, 1),
(335, 1, '10 рублей', 'Липецкая Область', 21, 2007, 2, 10000000, 17, 3, 7, 1, 2),
(336, 1, '10 рублей', 'Архангельская Область', 4, 2007, 1, 10000000, 17, 3, 7, 1, 1),
(337, 1, '10 рублей', 'Вологда', 4, 2007, 1, 3300000, 17, 3, 7, 1, 1),
(338, 1, '10 рублей', 'Вологда', 4, 2007, 2, 1700000, 17, 3, 7, 1, 1),
(339, 1, '10 рублей', 'Великий Устюг', 4, 2007, 1, 3300000, 17, 3, 7, 1, 1),
(340, 1, '10 рублей', 'Великий Устюг', 4, 2007, 2, 1700000, 17, 3, 7, 1, 1),
(341, 1, '10 рублей', 'Гдов', 4, 2007, 1, 3300000, 17, 3, 7, 1, 1),
(342, 1, '10 рублей', 'Гдов', 4, 2007, 2, 1700000, 17, 3, 7, 1, 1),
(343, 1, '10 рублей', 'Владимир', 4, 2008, 1, 3200000, 17, 3, 7, 1, 1),
(344, 1, '10 рублей', 'Владимир', 4, 2008, 2, 1800000, 17, 3, 7, 1, 1),
(345, 1, '10 рублей', 'Удмуртская Республика', 21, 2008, 1, 5000000, 17, 3, 7, 1, 1),
(346, 1, '10 рублей', 'Удмуртская Республика', 21, 2008, 2, 5000000, 17, 3, 7, 1, 1),
(347, 1, '10 рублей', 'Астраханская Область', 21, 2008, 1, 5000000, 17, 3, 7, 1, 1),
(348, 1, '10 рублей', 'Астраханская Область', 21, 2008, 2, 5000000, 17, 3, 7, 1, 1),
(349, 1, '10 рублей', 'Свердловская Область', 21, 2008, 1, 5000000, 17, 3, 7, 1, 1),
(350, 1, '10 рублей', 'Свердловская Область', 21, 2008, 2, 5000000, 17, 3, 7, 1, 1),
(351, 1, '10 рублей', 'Кабардино-Балкарская Республика', 21, 2008, 1, 5000000, 17, 3, 7, 1, 1),
(352, 1, '10 рублей', 'Кабардино-Балкарская Республика', 21, 2008, 2, 5000000, 17, 3, 7, 1, 1),
(353, 1, '10 рублей', 'Приозерск', 4, 2008, 1, 2500000, 17, 3, 7, 1, 1),
(354, 1, '10 рублей', 'Приозерск', 4, 2008, 2, 2500000, 17, 3, 7, 1, 1),
(355, 1, '10 рублей', 'Смоленск', 4, 2008, 1, 3200000, 17, 3, 7, 1, 1),
(356, 1, '10 рублей', 'Смоленск', 4, 2008, 2, 1800000, 17, 3, 7, 1, 1),
(357, 1, '10 рублей', 'Азов', 4, 2008, 1, 3200000, 17, 3, 7, 1, 1),
(358, 1, '10 рублей', 'Азов', 4, 2008, 2, 1800000, 17, 3, 7, 1, 1),
(359, 1, '10 рублей', 'Республика Калмыкия', 21, 2009, 1, 5000000, 17, 3, 7, 1, 1),
(360, 1, '10 рублей', 'Республика Калмыкия', 21, 2009, 2, 5000000, 17, 3, 7, 1, 1),
(361, 1, '10 рублей', 'Выборг', 4, 2009, 1, 3000000, 17, 3, 7, 1, 1),
(362, 1, '10 рублей', 'Выборг', 4, 2009, 2, 2000000, 17, 3, 7, 1, 1),
(363, 1, '10 рублей', 'Галич', 4, 2009, 1, 3000000, 17, 3, 7, 1, 1),
(364, 1, '10 рублей', 'Галич', 4, 2009, 2, 2000000, 17, 3, 7, 1, 1),
(365, 1, '10 рублей', 'Калуга', 4, 2009, 1, 3000000, 17, 3, 7, 1, 1),
(366, 1, '10 рублей', 'Калуга', 4, 2009, 2, 2000000, 17, 3, 7, 1, 1),
(367, 1, '10 рублей', 'Еврейская АО', 21, 2009, 1, 5000000, 17, 3, 7, 1, 1),
(368, 1, '10 рублей', 'Еврейская АО', 21, 2009, 2, 5000000, 17, 3, 7, 1, 1),
(369, 1, '10 рублей', 'Республика Адыгея', 21, 2009, 1, 5000000, 17, 3, 7, 1, 1),
(370, 1, '10 рублей', 'Республика Адыгея', 21, 2009, 2, 5000000, 17, 3, 7, 1, 1),
(371, 1, '10 рублей', 'Великий Новгород', 4, 2009, 1, 3000000, 17, 3, 7, 1, 1),
(372, 1, '10 рублей', 'Великий Новгород', 4, 2009, 2, 2000000, 17, 3, 7, 1, 1),
(373, 1, '10 рублей', 'Республика Коми', 21, 2009, 1, 10000000, 17, 3, 7, 1, 1),
(374, 1, '10 рублей', 'Кировская Область', 21, 2009, 1, 10000000, 17, 3, 7, 1, 1),
(375, 1, '10 рублей', 'Брянск', 4, 2010, 1, 5000000, 17, 3, 7, 1, 1),
(376, 1, '10 рублей', 'Юрьевец', 4, 2010, 1, 5000000, 17, 3, 7, 1, 1),
(377, 1, '10 рублей', 'Пермский Край', 21, 2010, 1, 200000, 17, 3, 7, 1, 1),
(378, 1, '10 рублей', 'Ненецкий АО', 21, 2010, 1, 1950000, 17, 3, 7, 1, 1),
(379, 1, '10 рублей', 'Всероссийская Перепись Населения', 22, 2010, 1, 2300000, 17, 3, 7, 1, 1),
(380, 1, '10 рублей', 'Чеченская Республика', 21, 2010, 1, 100000, 17, 3, 7, 1, 1),
(381, 1, '10 рублей', 'Ямало-Ненецкий АО', 21, 2010, 1, 100000, 17, 3, 7, 1, 1),
(382, 1, '10 рублей', 'Елец', 4, 2011, 1, 5000000, 17, 3, 7, 1, 1),
(383, 1, '10 рублей', 'Соликамск', 4, 2011, 1, 5000000, 17, 3, 7, 1, 1),
(384, 1, '10 рублей', 'Республика Бурятия', 21, 2011, 1, 9300000, 17, 3, 7, 1, 2),
(385, 1, '10 рублей', 'Воронежская Область', 21, 2011, 1, 10000000, 17, 3, 7, 1, 1),
(386, 1, '10 рублей', 'Белозерск', 4, 2012, 1, 5000000, 17, 3, 7, 1, 2),
(387, 1, '10 рублей', 'Республика Северная Осетия - Алания', 21, 2013, 1, 10000000, 17, 3, 7, 1, 1),
(388, 1, '10 рублей', 'Республика Дагестан', 21, 2013, 1, 10000000, 17, 3, 7, 1, 1),
(389, 1, '10 рублей', 'Пензенская Область', 21, 2014, 1, 10000000, 17, 3, 7, 1, 1),
(390, 1, '10 рублей', 'Саратовская Область', 21, 2014, 1, 10000000, 17, 3, 7, 1, 1),
(391, 1, '10 рублей', 'Республика Ингушетия', 21, 2014, 1, 10000000, 17, 3, 7, 1, 1),
(392, 1, '10 рублей', 'Тюменская Область', 21, 2014, 1, 10000000, 17, 3, 7, 1, 1),
(393, 1, '10 рублей', 'Челябинская Область', 21, 2014, 1, 10000000, 17, 3, 7, 1, 1),
(394, 1, '10 рублей', 'Эмблема Празднования 70-летия Победы в ВОВ', 22, 2015, 1, 5000000, 17, 3, 7, 1, 3),
(395, 1, '10 рублей', 'Освобождение Мира от Фашизма', 22, 2015, 1, 5000000, 17, 3, 7, 1, 3),
(396, 1, '10 рублей', 'Окончание Второй Мировой Войны', 22, 2015, 1, 5000000, 17, 3, 7, 1, 3),
(397, 1, '10 рублей', 'Белгородская Область', 21, 2016, 1, 10000000, 17, 3, 7, 1, 2),
(398, 1, '10 рублей', 'Амурская Область', 21, 2016, 1, 10000000, 17, 3, 7, 1, 1),
(399, 1, '10 рублей', 'Ржев', 4, 2016, 2, 5000000, 17, 3, 7, 1, 1),
(400, 1, '10 рублей', 'Великие Луки', 4, 2016, 2, 5000000, 17, 3, 7, 1, 1),
(401, 1, '10 рублей', 'Иркутская Область', 21, 2016, 2, 10000000, 17, 3, 6, 1, 1),
(402, 1, '10 рублей', 'Олонец', 4, 2017, 2, 5000000, 14, 3, 6, 1, 1),
(403, 1, '10 рублей', 'Ульяновская Область', 21, 2017, 2, 10000000, 14, 3, 6, 1, 1),
(404, 1, '10 рублей', 'Тамбовская Область', 21, 2017, 2, 10000000, 14, 3, 6, 1, 1),
(405, 1, '10 рублей', 'Курганская Область', 21, 2018, 2, 10000000, 14, 3, 6, 1, 2),
(406, 1, '10 рублей', 'Гороховец', 4, 2018, 2, 5000000, 14, 3, 6, 1, 1),
(407, 1, '10 рублей', 'Вязьма', 4, 2019, 2, 5000000, 14, 3, 6, 1, 1),
(408, 1, '10 рублей', 'Клин', 4, 2019, 2, 5000000, 14, 3, 6, 1, 1),
(409, 1, '10 рублей', 'Костромская Область', 21, 2019, 2, 10000000, 14, 3, 6, 1, 1),
(410, 1, '10 рублей', 'Зубцов', 4, 2016, 2, 5000000, 14, 3, 6, 1, 1),
(411, 1, '10 рублей', 'Козельск', 4, 2020, 2, 5000000, 14, 3, 6, 1, 1),
(412, 1, '10 рублей', '75 Лет Победы', 22, 2020, 2, 5000000, 14, 3, 6, 1, 1),
(413, 1, '10 рублей', 'Московская Область', 21, 2020, 2, 5000000, 14, 3, 6, 1, 1),
(414, 1, '10 рублей', 'Рязанская Область', 21, 2020, 2, 5000000, 14, 3, 6, 1, 1),
(415, 1, '10 рублей', '65-я годовщина Победы в ВОв', 25, 2010, 1, 10000000, 18, 2, 8, 1, 1),
(416, 1, '10 рублей', '50 лет первого полета человека в космос', 25, 2011, 1, 10000000, 18, 2, 8, 1, 4),
(417, 1, '10 рублей', 'Белгород', 24, 2011, 1, 10000000, 18, 2, 8, 1, 1),
(418, 1, '10 рублей', 'Курск', 24, 2011, 1, 10000000, 18, 2, 8, 1, 3),
(419, 1, '10 рублей', 'Орел', 24, 2011, 1, 10000000, 18, 2, 8, 1, 1),
(420, 1, '10 рублей', 'Владикавказ', 24, 2011, 1, 10000000, 18, 2, 8, 1, 1),
(421, 1, '10 рублей', 'Малгобек', 24, 2011, 1, 10000000, 18, 2, 8, 1, 1),
(422, 1, '10 рублей', 'Ржев', 24, 2011, 1, 10000000, 18, 2, 8, 1, 1),
(423, 1, '10 рублей', 'Ельня', 24, 2011, 1, 10000000, 18, 2, 8, 1, 2),
(424, 1, '10 рублей', 'Елец', 24, 2011, 1, 10000000, 18, 2, 8, 1, 2),
(425, 1, '10 рублей', '1150-летие зарождения российской государственности', 25, 2012, 1, 10000000, 18, 2, 8, 1, 1),
(426, 1, '10 рублей', '200-летие победы России в Ов 1812', 25, 2012, 1, 10000000, 18, 2, 8, 1, 1),
(427, 1, '10 рублей', 'Воронеж', 24, 2012, 1, 10000000, 18, 2, 8, 1, 1),
(428, 1, '10 рублей', 'Луга', 24, 2012, 1, 10000000, 18, 2, 8, 1, 1),
(429, 1, '10 рублей', 'Полярный', 24, 2012, 1, 10000000, 18, 2, 8, 1, 1),
(430, 1, '10 рублей', 'Ростов-на-Дону', 24, 2012, 1, 10000000, 18, 2, 8, 1, 2),
(431, 1, '10 рублей', 'Туапсе', 24, 2012, 1, 10000000, 18, 2, 8, 1, 1),
(432, 1, '10 рублей', 'Великие Луки', 24, 2012, 1, 10000000, 18, 2, 8, 1, 1),
(433, 1, '10 рублей', 'Великий Новгород', 24, 2012, 1, 10000000, 18, 2, 8, 1, 1),
(434, 1, '10 рублей', 'Дмитров', 24, 2012, 1, 10000000, 18, 2, 8, 1, 1),
(435, 1, '10 рублей', 'Универсиада в Казани (Кот)', 25, 2013, 1, 10000000, 18, 2, 8, 1, 3),
(436, 1, '10 рублей', 'Универсиада в Казани (лого)', 25, 2013, 1, 10000000, 18, 2, 8, 1, 2),
(437, 1, '10 рублей', '70 лет победы в Сталинградской битве', 25, 2013, 1, 10000000, 18, 2, 8, 1, 1),
(438, 1, '10 рублей', 'Вязьма', 24, 2013, 1, 10000000, 18, 2, 8, 1, 1),
(439, 1, '10 рублей', 'Кронштадт', 24, 2013, 1, 10000000, 18, 2, 8, 1, 1),
(440, 1, '10 рублей', 'Наро-Фоминск', 24, 2013, 1, 10000000, 18, 2, 8, 1, 1),
(441, 1, '10 рублей', 'Псков', 24, 2013, 1, 10000000, 18, 2, 8, 1, 1),
(442, 1, '10 рублей', 'Козельск', 24, 2013, 1, 10000000, 18, 2, 8, 1, 1),
(443, 1, '10 рублей', 'Архангельск', 24, 2013, 1, 10000000, 18, 2, 8, 1, 1),
(444, 1, '10 рублей', 'Волоколамск', 24, 2013, 1, 10000000, 18, 2, 8, 1, 1),
(445, 1, '10 рублей', 'Брянск', 24, 2013, 1, 10000000, 18, 2, 8, 1, 1),
(446, 1, '10 рублей', '20-летие конституции РФ', 25, 2013, 1, 10000000, 18, 2, 8, 1, 1),
(447, 1, '10 рублей', 'Нальчик', 24, 2014, 1, 10000000, 18, 2, 8, 1, 1),
(448, 1, '10 рублей', 'Выборг', 24, 2014, 1, 10000000, 18, 2, 8, 1, 1),
(449, 1, '10 рублей', 'Владивосток', 24, 2014, 1, 10000000, 18, 2, 8, 1, 1),
(450, 1, '10 рублей', 'Тихвин', 24, 2014, 1, 10000000, 18, 2, 8, 1, 2),
(451, 1, '10 рублей', 'Тверь', 24, 2014, 1, 10000000, 18, 2, 8, 1, 2),
(452, 1, '10 рублей', 'Анапа', 24, 2014, 1, 10000000, 18, 2, 8, 1, 1),
(453, 1, '10 рублей', 'Колпино', 24, 2014, 1, 10000000, 18, 2, 8, 1, 1),
(454, 1, '10 рублей', 'Старый Оскол', 24, 2014, 2, 10000000, 18, 2, 8, 1, 1),
(455, 1, '10 рублей', 'Вхождение Республики Крым', 25, 2014, 1, 10000000, 18, 2, 8, 1, 3),
(456, 1, '10 рублей', 'Вхождение Севастополя', 25, 2014, 1, 10000000, 18, 2, 8, 1, 4),
(457, 1, '10 рублей', 'Калач-на-Дону', 24, 2015, 1, 10000000, 18, 2, 8, 1, 1),
(458, 1, '10 рублей', 'Ковров', 24, 2015, 1, 10000000, 18, 2, 8, 1, 1),
(459, 1, '10 рублей', 'Ломоносов', 24, 2015, 1, 10000000, 18, 2, 8, 1, 1),
(460, 1, '10 рублей', 'Таганрог', 24, 2015, 1, 10000000, 18, 2, 8, 1, 1),
(461, 1, '10 рублей', 'Петропавловск-Камчатский', 24, 2015, 1, 10000000, 18, 2, 8, 1, 1),
(462, 1, '10 рублей', 'Малоярославец', 24, 2015, 1, 10000000, 18, 2, 8, 1, 1),
(463, 1, '10 рублей', 'Можайск', 24, 2015, 1, 10000000, 18, 2, 8, 1, 1),
(464, 1, '10 рублей', 'Хабаровск', 24, 2015, 1, 10000000, 18, 2, 8, 1, 1),
(465, 1, '10 рублей', 'Грозный', 24, 2015, 2, 10000000, 18, 2, 8, 1, 1),
(466, 1, '10 рублей', 'Старая Русса', 24, 2016, 1, 10000000, 18, 2, 8, 1, 1),
(467, 1, '10 рублей', 'Гатчина', 24, 2016, 1, 10000000, 18, 2, 8, 1, 1),
(468, 1, '10 рублей', 'Феодосия', 24, 2016, 1, 10000000, 18, 2, 8, 1, 1),
(469, 1, '10 рублей', 'Петрозаводск', 24, 2016, 1, 10000000, 18, 2, 8, 1, 1),
(470, 1, '10 рублей', 'Универсиада в Красноярске (лого)', 25, 2019, 1, 10000000, 18, 2, 8, 1, 2),
(471, 1, '10 рублей', 'Универсиада в Красноярске (кот)', 25, 2019, 1, 10000000, 18, 2, 8, 1, 2),
(472, 1, '25 рублей', 'Эмблема', 13, 2011, 1, 9750000, 7, 1, 17, 1, 2),
(473, 1, '25 рублей', 'Талисманы', 13, 2012, 1, 9750000, 7, 1, 17, 1, 3),
(474, 1, '25 рублей', 'Лучик и Снежинка', 13, 2013, 1, 9750000, 7, 1, 17, 1, 1),
(475, 1, '25 рублей', 'Факел', 13, 2014, 1, 1750000, 7, 1, 17, 1, 3),
(476, 1, '25 рублей', 'Эмблема', 13, 2014, 1, 9750000, 7, 1, 17, 1, 1),
(477, 1, '25 рублей', 'Талисманы', 13, 2014, 1, 9750000, 7, 1, 17, 1, 2),
(478, 1, '25 рублей', 'Лучик и Снежинка', 13, 2014, 1, 9750000, 7, 1, 17, 1, 3),
(479, 1, '25 рублей', 'Эмблема (цвет)', 14, 2016, 2, 250000, 7, 1, 18, 1, 1),
(480, 1, '25 рублей', 'Кубок | цвет', 14, 2017, 2, 250000, 7, 1, 18, 1, 1),
(481, 1, '25 рублей', 'Талисман | цвет', 14, 2017, 2, 250000, 7, 1, 18, 1, 1),
(482, 1, '25 рублей', 'Эмблема', 14, 2016, 2, 19750000, 7, 1, 18, 1, 2),
(483, 1, '25 рублей', 'Кубок', 14, 2017, 2, 19750000, 7, 1, 18, 1, 1),
(484, 1, '25 рублей', 'Талисман', 14, 2017, 2, 19750000, 7, 1, 18, 1, 1),
(485, 1, '25 рублей', 'Винни Пух | цвет', 12, 2017, 2, 50000, 7, 1, 19, 1, 1),
(486, 1, '25 рублей', 'Ну, погоди! | цвет', 12, 2018, 2, 50000, 7, 1, 19, 1, 1),
(487, 1, '25 рублей', 'Три богатыря | цвет', 12, 2017, 2, 50000, 7, 1, 19, 1, 1),
(488, 1, '25 рублей', 'Винни Пух', 12, 2017, 2, 450000, 7, 1, 19, 1, 1),
(489, 1, '25 рублей', 'Ну, погоди!', 12, 2018, 2, 450000, 7, 1, 19, 1, 1),
(490, 1, '25 рублей', 'Три богатыря', 12, 2017, 2, 450000, 7, 1, 19, 1, 1),
(491, 1, '2 рубля', 'Ленинград', 6, 2000, 1, 10000000, 11, 1, 9, 1, 1),
(492, 1, '2 рубля', 'Сталинград', 6, 2000, 1, 10000000, 11, 1, 9, 1, 2),
(493, 1, '2 рубля', 'Москва', 6, 2000, 2, 10000000, 11, 1, 9, 1, 1),
(494, 1, '2 рубля', 'Новороссийск', 6, 2000, 1, 10000000, 11, 1, 9, 1, 1),
(495, 1, '2 рубля', 'Тула', 6, 2000, 2, 10000000, 11, 1, 9, 1, 1),
(496, 1, '2 рубля', 'Смоленск', 6, 2000, 2, 10000000, 11, 1, 9, 1, 2),
(497, 1, '2 рубля', 'Мурманск', 6, 2000, 2, 10000000, 11, 1, 9, 1, 1),
(498, 1, '2 рубля', 'Гагарин', 26, 2001, 1, 10000000, 10, 3, 9, 1, 1),
(499, 1, '2 рубля', 'Гагарин', 26, 2001, 2, 10000000, 10, 3, 9, 1, 1),
(500, 1, '1 рубль', '200-летие А.С.Пушкина', 26, 1999, 2, 10000000, 10, 3, 9, 1, 1),
(501, 1, '1 рубль', '200-летие А.С.Пушкина', 26, 1999, 1, 10000000, 10, 3, 9, 1, 2),
(502, 1, '1 рубль', '10 лет СНГ', 26, 2001, 1, 10000000, 10, 3, 9, 1, 1),
(503, 1, '1 рубль', 'Графическое изображение рубля', 26, 2014, 2, 10000000, 10, 3, 9, 1, 2),
(504, 1, '5 рублей', 'Смоленское сражение', 8, 2012, 2, 10000000, 19, 1, 11, 1, 1),
(505, 1, '5 рублей', 'Бородинское сражение', 8, 2012, 2, 10000000, 19, 1, 11, 1, 1),
(506, 1, '5 рублей', 'Тарутинское сражение', 8, 2012, 2, 10000000, 19, 1, 11, 1, 3),
(507, 1, '5 рублей', 'Малоярославецкое сражение', 8, 2012, 2, 10000000, 19, 1, 11, 1, 2),
(508, 1, '5 рублей', 'Бой при Вязьме', 8, 2012, 2, 10000000, 19, 1, 11, 1, 1),
(509, 1, '5 рублей', 'Сражение при Красном', 8, 2012, 2, 10000000, 19, 1, 11, 1, 1),
(510, 1, '5 рублей', 'Сражение при Березине', 8, 2012, 2, 10000000, 19, 1, 11, 1, 1),
(511, 1, '5 рублей', 'Сражение у Кульма', 8, 2012, 2, 10000000, 19, 1, 11, 1, 3),
(512, 1, '5 рублей', 'Лейпцигское сражение', 8, 2012, 2, 10000000, 19, 1, 11, 1, 1),
(513, 1, '5 рублей', 'Взятие Парижа', 8, 2012, 2, 10000000, 19, 1, 11, 1, 2),
(514, 1, '2 рубля', 'Эмблема празднования', 8, 2012, 2, 10000000, 19, 1, 11, 1, 2),
(515, 1, '2 рубля', 'М.И.Кутузов', 8, 2012, 2, 10000000, 19, 1, 11, 1, 1),
(516, 1, '2 рубля', 'М.Б.Барклай де Толли', 8, 2012, 2, 10000000, 19, 1, 11, 1, 1),
(517, 1, '2 рубля', 'П.И.Багратион', 8, 2012, 2, 10000000, 19, 1, 11, 1, 2),
(518, 1, '2 рубля', 'Л.Л.Беннигсен', 8, 2012, 2, 10000000, 19, 1, 11, 1, 1),
(519, 1, '2 рубля', 'П.Х.Витгенштейн', 8, 2012, 2, 10000000, 19, 1, 11, 1, 1),
(520, 1, '2 рубля', 'Д.В.Давыдов', 8, 2012, 2, 10000000, 19, 1, 11, 1, 1),
(521, 1, '2 рубля', 'Д.С.Дохтуров', 8, 2012, 2, 10000000, 19, 1, 11, 1, 2),
(522, 1, '2 рубля', 'Н.А.Дурова', 8, 2012, 2, 10000000, 19, 1, 11, 1, 2),
(523, 1, '2 рубля', 'А.П.Ермолов', 8, 2012, 2, 10000000, 19, 1, 11, 1, 2),
(524, 1, '2 рубля', 'Василиса Кожина', 8, 2012, 2, 10000000, 19, 1, 11, 1, 1),
(525, 1, '2 рубля', 'А.И.Кутайсов', 8, 2012, 2, 10000000, 19, 1, 11, 1, 2),
(526, 1, '2 рубля', 'М.А.Милорадович', 8, 2012, 2, 10000000, 19, 1, 11, 1, 1),
(527, 1, '2 рубля', 'А.И.Остерман-Толстой', 8, 2012, 2, 10000000, 19, 1, 11, 1, 2),
(528, 1, '2 рубля', 'Н.Н.Раевский', 8, 2012, 2, 10000000, 19, 1, 11, 1, 1),
(529, 1, '2 рубля', 'М.И.Платов', 8, 2012, 2, 10000000, 19, 1, 11, 1, 3),
(530, 1, '2 рубля', 'Император Александр I', 8, 2015, 2, 10000000, 19, 1, 11, 1, 1),
(531, 1, '5 рублей', 'Битва под Москвой', 7, 2015, 2, 10000000, 19, 1, 10, 1, 1),
(532, 1, '5 рублей', 'Сталинградская битва', 7, 2015, 2, 10000000, 19, 1, 10, 1, 1),
(533, 1, '5 рублей', 'Битва за Кавказ', 7, 2015, 2, 10000000, 19, 1, 10, 1, 1),
(534, 1, '5 рублей', 'Курская битва', 7, 2015, 2, 10000000, 19, 1, 10, 1, 1),
(535, 1, '5 рублей', 'Битва за Днепр', 7, 2015, 2, 10000000, 19, 1, 10, 1, 1),
(536, 1, '5 рублей', 'Днепровско-Карпатская операция', 7, 2015, 2, 10000000, 19, 1, 10, 1, 1),
(537, 1, '5 рублей', 'Битва за Ленинград', 7, 2015, 2, 10000000, 19, 1, 10, 1, 1),
(538, 1, '5 рублей', 'Белорусская операция', 7, 2015, 2, 10000000, 19, 1, 10, 1, 1),
(539, 1, '5 рублей', 'Львовско-Сандомирская операция', 7, 2015, 2, 10000000, 19, 1, 10, 1, 1),
(540, 1, '5 рублей', 'Ясско-Кишиневская операция', 7, 2015, 2, 10000000, 19, 1, 10, 1, 1),
(541, 1, '5 рублей', 'Прибалтийская операция', 7, 2015, 2, 10000000, 19, 1, 10, 1, 1),
(542, 1, '5 рублей', 'Операции по освобождению Карелии и Заполярья', 7, 2015, 2, 10000000, 19, 1, 10, 1, 1),
(543, 1, '5 рублей', 'Будапештская операция', 7, 2015, 2, 10000000, 19, 1, 10, 1, 1),
(544, 1, '5 рублей', 'Висло-Одерская операция', 7, 2015, 2, 10000000, 19, 1, 10, 1, 1),
(545, 1, '5 рублей', 'Восточно-Прусская операция', 7, 2015, 2, 10000000, 19, 1, 10, 1, 1),
(546, 1, '5 рублей', 'Венская операция', 7, 2015, 2, 10000000, 19, 1, 10, 1, 1),
(547, 1, '5 рублей', 'Берлинская операция', 7, 2015, 2, 10000000, 19, 1, 10, 1, 1),
(548, 1, '5 рублей', 'Пражская операция', 7, 2015, 2, 10000000, 19, 1, 10, 1, 1),
(549, 1, '5 рублей', 'Оборона Севастополя', 27, 2015, 2, 10000000, 19, 1, 10, 1, 1),
(550, 1, '5 рублей', 'Оборона Аджимушкайтских каменоломен', 27, 2015, 2, 10000000, 19, 1, 10, 1, 1),
(551, 1, '5 рублей', 'Керченско-Эльтигенская десантная операция', 27, 2015, 2, 10000000, 19, 1, 10, 1, 1),
(552, 1, '5 рублей', 'Крымская стратегическая наступительная операция', 27, 2015, 2, 10000000, 19, 1, 10, 1, 1),
(553, 1, '5 рублей', 'Партизанам и подпольщикам Крыма', 27, 2015, 2, 10000000, 19, 1, 10, 1, 1),
(554, 1, '5 рублей', 'Киев', 9, 2016, 2, 10000000, 19, 1, 12, 1, 1),
(555, 1, '5 рублей', 'Минск', 9, 2016, 2, 10000000, 19, 1, 12, 1, 1),
(556, 1, '5 рублей', 'Вильнюс', 9, 2016, 2, 10000000, 19, 1, 12, 1, 1),
(557, 1, '5 рублей', 'Кишинев', 9, 2016, 2, 10000000, 19, 1, 12, 1, 1),
(558, 1, '5 рублей', 'Бухарест', 9, 2016, 2, 10000000, 19, 1, 12, 1, 1),
(559, 1, '5 рублей', 'Таллин', 9, 2016, 2, 10000000, 19, 1, 12, 1, 1),
(560, 1, '5 рублей', 'Рига', 9, 2016, 2, 10000000, 19, 1, 12, 1, 1),
(561, 1, '5 рублей', 'Белград', 9, 2016, 2, 10000000, 19, 1, 12, 1, 1),
(562, 1, '5 рублей', 'Варшава', 9, 2016, 2, 10000000, 19, 1, 12, 1, 1),
(563, 1, '5 рублей', 'Будапешт', 9, 2016, 2, 10000000, 19, 1, 12, 1, 1),
(564, 1, '5 рублей', 'Братислава', 9, 2016, 2, 10000000, 19, 1, 12, 1, 1),
(565, 1, '5 рублей', 'Вена', 9, 2016, 2, 10000000, 19, 1, 12, 1, 1),
(566, 1, '5 рублей', 'Берлин', 9, 2016, 2, 10000000, 19, 1, 12, 1, 1),
(567, 1, '5 рублей', 'Прага', 9, 2016, 2, 10000000, 19, 1, 12, 1, 1),
(568, 1, '5 рублей', 'ЗИС-3', 10, 2019, 2, 10000000, 19, 1, 13, 1, 1),
(569, 1, '5 рублей', 'М-30', 10, 2019, 2, 10000000, 19, 1, 13, 1, 1),
(570, 1, '5 рублей', 'ИС-2', 10, 2019, 2, 10000000, 19, 1, 13, 1, 1),
(571, 1, '5 рублей', 'ППШ-41', 10, 2019, 2, 10000000, 19, 1, 13, 1, 1),
(572, 1, '5 рублей', 'ПТРС', 10, 2019, 2, 10000000, 19, 1, 13, 1, 1),
(573, 1, '5 рублей', 'ПЛ Щука', 10, 2019, 2, 10000000, 19, 1, 13, 1, 1),
(574, 1, '5 рублей', 'Т-34', 10, 2019, 2, 10000000, 19, 1, 13, 1, 1),
(575, 1, '5 рублей', 'У-2', 10, 2019, 2, 10000000, 19, 1, 13, 1, 1),
(576, 1, '5 рублей', 'ПЕ-2', 10, 2019, 2, 10000000, 19, 1, 13, 1, 1),
(577, 1, '5 рублей', 'ИЛ-2', 10, 2019, 2, 10000000, 19, 1, 13, 1, 1),
(578, 1, '5 рублей', 'ЛА-5', 10, 2019, 2, 10000000, 19, 1, 13, 1, 1),
(579, 1, '5 рублей', 'ТТ', 10, 2020, 2, 10000000, 19, 1, 13, 1, 1),
(580, 1, '5 рублей', 'ЯК-9', 10, 2020, 2, 10000000, 19, 1, 13, 1, 1),
(581, 1, '5 рублей', 'ТУ-2', 10, 2020, 2, 10000000, 19, 1, 13, 1, 1),
(582, 1, '5 рублей', 'СГ-43', 10, 2020, 2, 10000000, 19, 1, 13, 1, 1),
(583, 1, '5 рублей', 'ПТП', 10, 2020, 2, 10000000, 19, 1, 13, 1, 1),
(584, 1, '5 рублей', 'Д-3', 10, 2020, 2, 10000000, 19, 1, 13, 1, 1),
(585, 1, '5 рублей', 'Крейсер Киров', 10, 2020, 2, 10000000, 19, 1, 13, 1, 1),
(586, 1, '5 рублей', 'ППС-43', 10, 2020, 2, 10000000, 19, 1, 13, 1, 1),
(587, 1, '10 рублей', 'Работник Транспортной Сферы', 11, 2020, 2, 10000000, 18, 1, 14, 1, 1),
(588, 1, '10 рублей', 'Работник Металлургической Промышленности', 11, 2020, 2, 10000000, 18, 1, 14, 2, 1),
(589, 1, '10 рублей', '', 0, 2009, 2, 10000000, 18, 2, 6, 1, 1),
(590, 1, '10 рублей', '', 0, 2010, 1, 10000000, 18, 3, 6, 1, 1),
(591, 1, '10 рублей', '', 0, 2011, 2, 10000000, 18, 3, 6, 1, 1),
(592, 1, '5 рублей', '', 0, 1998, 2, 10000000, 17, 3, 6, 1, 1),
(593, 1, '5 рублей', '', 0, 2011, 2, 10000000, 17, 3, 6, 1, 1),
(594, 1, '5 рублей', '', 0, 2016, 2, 10000000, 18, 3, 6, 1, 1),
(595, 1, '5 рублей', '', 0, 1998, 1, 10000000, 17, 3, 6, 1, 1),
(596, 1, '5 рублей', 'Русское Географическое Общество', 26, 2015, 2, 10000000, 19, 3, 6, 1, 1),
(597, 1, '5 рублей', 'Российское Историческое Общество', 26, 2016, 2, 5000000, 19, 2, 6, 1, 3),
(598, 1, '2 рубля', '', 0, 1998, 2, 10000000, 7, 3, 6, 1, 1),
(599, 1, '2 рубля', '', 0, 1999, 1, 10000000, 7, 3, 6, 1, 1),
(600, 1, '2 рубля', '', 0, 2009, 2, 10000000, 19, 3, 6, 1, 1),
(601, 1, '1 рубль', '', 0, 2005, 2, 10000000, 7, 3, 6, 1, 1),
(602, 1, '1 рубль', '', 0, 1999, 2, 10000000, 7, 3, 6, 1, 3),
(603, 1, '1 рубль', '', 0, 1999, 1, 10000000, 7, 3, 6, 1, 3),
(604, 1, '1 рубль', '', 0, 2010, 2, 10000000, 19, 3, 6, 1, 1),
(605, 1, '1 рубль', '', 0, 2016, 2, 10000000, 7, 2, 6, 1, 1),
(606, 1, '50 копеек', '', 0, 1997, 1, 10000000, 8, 3, 6, 1, 1),
(607, 1, '50 копеек', '', 0, 1998, 2, 10000000, 8, 4, 6, 1, 1),
(608, 1, '50 копеек', '', 0, 2010, 2, 10000000, 8, 3, 6, 1, 1),
(609, 1, '5 копеек', '', 0, 1998, 2, 10000000, 20, 3, 6, 1, 1),
(610, 1, '5 копеек', '', 0, 2003, 1, 10000000, 20, 3, 6, 1, 1),
(611, 1, '1 копейка', '', 0, 2003, 1, 10000000, 20, 3, 6, 1, 1),
(612, 1, '1 копейка', '', 0, 2007, 2, 10000000, 20, 3, 6, 1, 1),
(613, 1, '1 копейка', '', 0, 2007, 1, 10000000, 20, 3, 6, 1, 1),
(614, 1, '10 копеек', '', 0, 2010, 1, 10000000, 8, 3, 6, 1, 2),
(615, 1, '10 копеек', '', 0, 1997, 1, 10000000, 8, 3, 6, 1, 1),
(616, 1, '10 копеек', '', 0, 1998, 1, 10000000, 8, 3, 6, 1, 1),
(617, 1, '10 копеек', '', 0, 1999, 2, 10000000, 8, 3, 6, 1, 1),
(618, 1, '10 копеек', '', 0, 2000, 1, 10000000, 8, 3, 6, 1, 1),
(619, 1, '10 копеек', '', 0, 2001, 1, 10000000, 8, 3, 6, 1, 1),
(620, 1, '10 копеек', '', 0, 2002, 1, 10000000, 8, 3, 6, 1, 1),
(621, 1, '10 копеек', '', 0, 2003, 1, 10000000, 8, 3, 6, 1, 1),
(622, 1, '10 копеек', '', 0, 2004, 2, 10000000, 8, 3, 6, 1, 1),
(623, 1, '10 копеек', '', 0, 2005, 1, 10000000, 8, 3, 6, 1, 1),
(624, 1, '10 копеек', '', 0, 2006, 1, 10000000, 8, 3, 6, 1, 1),
(625, 1, '10 копеек', '', 0, 2007, 1, 10000000, 8, 3, 6, 1, 1),
(626, 1, '10 копеек', '', 0, 2008, 1, 10000000, 8, 3, 6, 1, 1),
(627, 1, '10 копеек', '', 0, 2009, 2, 10000000, 8, 3, 6, 1, 1),
(628, 1, '10 копеек', '', 0, 2011, 2, 10000000, 8, 3, 6, 1, 1),
(629, 1, '5 рублей', 'Крымский Мост', 26, 2019, 2, 10000000, 19, 2, 6, 1, 2),
(630, 1, '5 рублей', 'Курильская Десантная Операция', 7, 2020, 2, 10000000, 19, 2, 6, 1, 2),
(631, 1, '25 рублей', 'Армейские Международные Игры', 26, 2018, 2, 10000000, 19, 2, 6, 1, 1),
(632, 1, '25 рублей', '75-летие полного освобождения Ленинграда от фашистской блокады', 26, 2019, 2, 10000000, 19, 2, 6, 1, 1),
(633, 1, '25 рублей', 'Барбоскины', 12, 2020, 2, 10000000, 19, 2, 6, 1, 1),
(634, 1, '25 рублей', '25-летие принятие конституции РФ', 26, 2018, 2, 10000000, 19, 2, 6, 1, 1),
(635, 1, '25 рублей', 'ЧМ по практической стрельбе из карабина', 26, 2017, 2, 10000000, 19, 2, 6, 1, 1),
(636, 1, '2 рубля', 'Севастополь', 6, 2017, 2, 10000000, 19, 2, 6, 1, 1),
(637, 1, '2 рубля', 'Керчь', 6, 2017, 2, 10000000, 19, 2, 6, 1, 1),
(638, 1, '25 рублей', 'Дед Мороз и Лето', 12, 2019, 2, 10000000, 19, 2, 6, 1, 1),
(639, 1, '25 рублей', 'Бременские Музыканты', 12, 2019, 2, 10000000, 19, 2, 6, 1, 1),
(640, 10, '5 рублей', 'Винторогий козел', 15, 1991, 6, 300000, 21, 2, 15, 10, 2),
(641, 10, '5 рублей', 'Рыбный филин', 15, 1991, 6, 300000, 21, 2, 15, 10, 2),
(642, 1, '10 рублей', 'Амурский тигр', 15, 1992, 1, 300000, 22, 2, 15, 10, 2),
(643, 1, '10 рублей', 'Краснозобая казарка', 15, 1992, 1, 300000, 22, 2, 15, 10, 2),
(644, 1, '10 рублей', 'Среднеазиатская кобра', 15, 1992, 1, 300000, 22, 2, 15, 10, 2),
(645, 1, '50 рублей', 'Гималайский медведь', 15, 1993, 1, 300000, 22, 2, 15, 10, 2),
(646, 1, '50 рублей', 'Дальневосточный аист', 15, 1993, 1, 300000, 22, 2, 15, 10, 2),
(647, 1, '50 рублей', 'Черноморская афалина', 15, 1993, 1, 300000, 22, 2, 15, 10, 2),
(648, 1, '50 рублей', 'Кавказский тетерев', 15, 1993, 1, 300000, 22, 2, 15, 10, 2),
(649, 1, '50 рублей', 'Туркменский эублефар', 15, 1993, 1, 300000, 22, 2, 15, 10, 2),
(650, 1, '50 рублей', 'Зубр', 15, 1994, 1, 300000, 22, 2, 15, 10, 2),
(651, 1, '50 рублей', 'Джейран', 15, 1994, 1, 300000, 22, 2, 15, 10, 2),
(652, 1, '50 рублей', 'Сапсан', 15, 1994, 1, 300000, 22, 2, 15, 10, 2),
(653, 1, '50 рублей', 'Фламинго', 15, 1994, 1, 300000, 22, 2, 15, 10, 2),
(654, 1, '50 рублей', 'Песчаный слепыш', 15, 1994, 1, 300000, 22, 2, 15, 10, 2),
(655, 10, '1 рубль', '20 лет Победы над Германией', 16, 1965, 6, 60000000, 7, 3, 23, 5, 2),
(656, 10, '1 рубль', '50 лет Советской власти', 16, 1967, 6, 52500000, 7, 3, 23, 5, 2),
(657, 10, '1 рубль', '100 лет со дня рождения В.И.Ленина', 16, 1970, 6, 300000, 7, 3, 23, 5, 1),
(658, 10, '1 рубль', '30 лет Победы ВОВ', 16, 1975, 6, 999, 7, 3, 23, 5, 2),
(659, 10, '1 рубль', '60 лет Советской власти', 16, 1977, 6, 300000, 7, 3, 23, 5, 1),
(660, 10, '1 рубль', 'Олимпиада 80 Эмблема', 16, 1977, 6, 300000, 7, 8, 23, 5, 1),
(661, 10, '1 рубль', 'Московский Кремль', 16, 1978, 6, 300000, 7, 8, 23, 5, 1),
(662, 10, '1 рубль', 'Здание МГУ', 16, 1979, 6, 300000, 7, 8, 23, 5, 1),
(663, 10, '1 рубль', 'Обелиск покорителя космоса', 16, 1979, 6, 300000, 7, 8, 23, 5, 1),
(664, 10, '1 рубль', 'Здание Моссовета', 16, 1980, 6, 300000, 7, 8, 23, 5, 1),
(665, 10, '1 рубль', 'Олимпийский факел', 16, 1980, 6, 300000, 7, 8, 23, 5, 1),
(666, 10, '1 рубль', '20 лет полета в космос Ю.Гагарина', 16, 1981, 6, 300000, 7, 3, 23, 5, 1),
(667, 10, '1 рубль', 'Дружба навеки', 16, 1981, 6, 300000, 7, 3, 23, 5, 1),
(668, 10, '1 рубль', '60 лет образования СССР', 16, 1982, 6, 300000, 7, 3, 23, 5, 2);
INSERT INTO `coins` (`id_coin`, `country`, `denom`, `name`, `collection`, `year`, `mint`, `circulation`, `metal`, `quality`, `album`, `price`, `quantity`) VALUES
(669, 10, '1 рубль', '400 лет со дня смерти И.Федорова', 16, 1983, 6, 300000, 7, 3, 23, 5, 1),
(670, 10, '1 рубль', '165 лет со дня рождения К.Маркса', 16, 1983, 6, 300000, 7, 3, 23, 5, 1),
(671, 10, '1 рубль', '20 лет полета В.Терешковой', 16, 1983, 6, 300000, 7, 3, 23, 5, 1),
(672, 10, '1 рубль', '150 лет со дня рождения Д.И.Менделеева', 16, 1984, 6, 300000, 7, 3, 23, 5, 1),
(673, 10, '1 рубль', '125 лет со дня рождения А.С.Попова', 16, 1984, 6, 300000, 7, 3, 23, 5, 1),
(674, 10, '1 рубль', '185 лет со дня рождения А.С.Пушкина', 16, 1984, 6, 300000, 7, 3, 23, 5, 1),
(675, 10, '1 рубль', '115 лет со дня рождения В.И.Ленина', 16, 1985, 6, 300000, 7, 3, 23, 5, 1),
(676, 10, '1 рубль', '40 лет Победы над Германией', 16, 1985, 6, 300000, 7, 3, 23, 5, 1),
(677, 10, '1 рубль', 'Фестиваль молодежи и студентов в Москве', 16, 1985, 6, 300000, 7, 3, 23, 5, 1),
(678, 10, '1 рубль', '165 лет со дня рождения Ф.Энгельса', 16, 1985, 6, 300000, 7, 3, 23, 5, 1),
(679, 10, '1 рубль', 'Международный год мира', 16, 1986, 6, 300000, 7, 3, 23, 5, 1),
(680, 10, '1 рубль', '275 лет со дня рождения М.В.Ломоносова', 16, 1986, 6, 300000, 7, 3, 23, 5, 1),
(681, 10, '1 рубль', '70 лет Октябрьской Революции', 16, 1987, 6, 300000, 7, 3, 23, 5, 1),
(682, 10, '1 рубль', '130 лет со дня рождения К.Э.Циолковского', 16, 1987, 6, 300000, 7, 3, 23, 5, 1),
(683, 10, '1 рубль', '175 лет Бородино (барельеф)', 16, 1987, 6, 300000, 7, 3, 23, 5, 1),
(684, 10, '1 рубль', '175 лет Бородино (обелиск)', 16, 1987, 6, 300000, 7, 3, 23, 5, 1),
(685, 10, '1 рубль', '120 лет со дня рождения А.М.Горького', 16, 1988, 6, 300000, 7, 3, 23, 5, 1),
(686, 10, '1 рубль', '160 лет со дня рождения Л.Н.Толстого', 16, 1988, 6, 300000, 7, 3, 23, 5, 1),
(687, 10, '1 рубль', '175 лет со дня рождения Т.Г.Шевченко', 16, 1989, 6, 300000, 7, 3, 23, 5, 1),
(688, 10, '1 рубль', '150 лет со дня рождения М.П.Мусоргского', 16, 1989, 6, 300000, 7, 3, 23, 5, 1),
(689, 10, '1 рубль', '175 лет со дня рождения М.Ю.Лермонтова', 16, 1989, 6, 300000, 7, 3, 23, 5, 1),
(690, 10, '1 рубль', '100 лет со дня рождения Ниязи', 16, 1989, 6, 300000, 7, 3, 23, 5, 1),
(691, 10, '1 рубль', '100 лет со дня смерти Эминеску', 16, 1989, 6, 300000, 7, 3, 23, 5, 1),
(692, 10, '1 рубль', '130 лет со дня рождения А.П.Чехова', 16, 1990, 6, 300000, 7, 3, 23, 5, 1),
(693, 10, '1 рубль', '150 лет со дня рождения П.И.Чайковского', 16, 1990, 6, 300000, 7, 3, 23, 5, 2),
(694, 10, '1 рубль', 'Маршал СССР Г.К.Жуков', 16, 1990, 6, 300000, 7, 3, 23, 5, 1),
(695, 10, '1 рубль', '500 лет со дня рождения Ф.Скорины', 16, 1990, 6, 300000, 7, 3, 23, 5, 1),
(696, 10, '1 рубль', '125 лет со дня рождения Я.Райниса', 16, 1990, 6, 300000, 7, 3, 23, 5, 1),
(697, 10, '1 рубль', '550 лет со дня рождения А.Навои', 16, 1990, 6, 300000, 7, 3, 23, 5, 1),
(698, 10, '1 рубль', '125 лет со дня рождения П.Н.Лебедева', 16, 1990, 6, 300000, 7, 3, 23, 5, 1),
(699, 10, '1 рубль', '100 лет со дня рождения С.Прокофьева', 16, 1990, 6, 300000, 7, 3, 23, 5, 1),
(700, 10, '1 рубль', 'Махтумкули', 16, 1990, 6, 300000, 7, 3, 23, 5, 1),
(701, 10, '1 рубль', '100 лет со дня рождения К.В.Иванова', 16, 1990, 6, 300000, 7, 3, 23, 5, 1),
(702, 10, '1 рубль', '850 лет со дня рождения Низами Гянджеви', 16, 1990, 6, 300000, 7, 3, 23, 5, 1),
(703, 10, '5 рублей', '70 лет Октябрьской революции', 16, 1987, 6, 300000, 7, 3, 23, 5, 1),
(704, 10, '3 рубля', '70 лет Октябрьской революции', 16, 1987, 6, 300000, 7, 3, 23, 5, 1),
(705, 10, '3 рубля', 'Землетрясение в Армении', 16, 1988, 6, 300000, 7, 3, 23, 5, 1),
(706, 10, '3 рубля', '50 лет победы под Москвой', 16, 1991, 6, 300000, 7, 3, 23, 5, 1),
(707, 10, '5 рублей', 'Памятник Петру I', 16, 1988, 6, 300000, 7, 3, 23, 5, 1),
(708, 10, '5 рублей', 'Софийский собор в Киеве', 16, 1988, 6, 300000, 7, 3, 23, 5, 1),
(709, 10, '5 рублей', 'Памятник \"Тысячелетие России\"', 16, 1988, 6, 300000, 7, 3, 23, 5, 1),
(710, 10, '5 рублей', 'Собор Покрова на Рву', 16, 1989, 6, 300000, 7, 3, 23, 5, 1),
(711, 10, '5 рублей', 'Ансамбль Регистан', 16, 1989, 6, 300000, 7, 3, 23, 5, 1),
(712, 10, '5 рублей', 'Благовещенский Собор', 16, 1989, 6, 300000, 7, 3, 23, 5, 1),
(713, 10, '5 рублей', 'Большой Дворец', 16, 1990, 6, 300000, 7, 3, 23, 5, 1),
(714, 10, '5 рублей', 'Матенадаран', 16, 1990, 6, 300000, 7, 3, 23, 5, 1),
(715, 10, '5 рублей', 'Успенский Собор', 16, 1990, 6, 300000, 7, 3, 23, 5, 1),
(716, 10, '5 рублей', 'Архангельский Собор', 16, 1990, 6, 300000, 7, 3, 23, 5, 1),
(717, 10, '5 рублей', 'Здание Госбанка СССР', 16, 1990, 6, 300000, 7, 3, 23, 5, 1),
(718, 10, '5 рублей', 'Памятник Давиду Сасунскому', 16, 1990, 6, 300000, 7, 3, 23, 5, 1),
(719, 10, '1 копейка', '', 0, 1958, 6, 999, 23, 4, 21, 1, 1),
(720, 10, '1 копейка', '', 0, 1971, 6, 999, 8, 4, 21, 1, 1),
(721, 10, '1 копейка', '', 0, 1972, 6, 999, 8, 4, 21, 1, 2),
(722, 10, '1 копейка', '', 0, 1977, 6, 999, 8, 4, 21, 1, 1),
(723, 10, '1 копейка', '', 0, 1979, 6, 999, 8, 4, 21, 1, 2),
(724, 10, '1 копейка', '', 0, 1981, 6, 999, 8, 4, 21, 1, 2),
(725, 10, '1 копейка', '', 0, 1982, 6, 999, 8, 4, 21, 1, 2),
(726, 10, '1 копейка', '', 0, 1983, 6, 999, 8, 4, 21, 1, 2),
(727, 10, '1 копейка', '', 0, 1984, 6, 999, 8, 4, 21, 1, 2),
(728, 10, '1 копейка', '', 0, 1985, 6, 999, 8, 4, 21, 1, 2),
(729, 10, '1 копейка', '', 0, 1986, 6, 999, 8, 4, 21, 1, 2),
(730, 10, '1 копейка', '', 0, 1987, 6, 999, 8, 4, 21, 1, 2),
(731, 10, '1 копейка', '', 0, 1988, 6, 999, 8, 4, 21, 1, 1),
(732, 10, '1 копейка', '', 0, 1989, 6, 999, 8, 4, 21, 1, 2),
(733, 10, '1 копейка', '', 0, 1990, 6, 999, 8, 3, 21, 1, 2),
(734, 10, '1 копейка', '', 0, 1991, 6, 999, 8, 3, 21, 1, 2),
(735, 10, '2 копейки', '', 0, 1939, 6, 999, 23, 4, 21, 1, 1),
(736, 10, '2 копейки', '', 0, 1973, 6, 999, 8, 4, 21, 1, 1),
(737, 10, '2 копейки', '', 0, 1981, 6, 999, 8, 4, 21, 1, 1),
(738, 10, '2 копейки', '', 0, 1984, 6, 999, 8, 4, 21, 1, 1),
(739, 10, '2 копейки', '', 0, 1987, 6, 999, 8, 4, 21, 1, 1),
(740, 10, '2 копейки', '', 0, 1988, 6, 999, 8, 4, 21, 1, 1),
(741, 10, '2 копейки', '', 0, 1991, 6, 999, 8, 3, 21, 1, 2),
(742, 10, '2 копейки', '', 0, 1991, 7, 999, 8, 4, 21, 1, 1),
(743, 10, '3 копейки', '', 0, 1946, 6, 999, 23, 4, 21, 1, 2),
(744, 10, '3 копейки', '', 0, 1955, 6, 999, 23, 4, 21, 1, 1),
(745, 10, '3 копейки', '', 0, 1956, 6, 999, 8, 6, 21, 1, 1),
(746, 10, '3 копейки', '', 0, 1957, 6, 999, 8, 4, 21, 1, 1),
(747, 10, '3 копейки', '', 0, 1961, 6, 999, 8, 4, 21, 1, 1),
(748, 10, '3 копейки', '', 0, 1969, 6, 999, 8, 4, 21, 1, 1),
(749, 10, '3 копейки', '', 0, 1971, 6, 999, 8, 4, 21, 1, 1),
(750, 10, '3 копейки', '', 0, 1972, 6, 999, 8, 4, 21, 1, 1),
(751, 10, '3 копейки', '', 0, 1973, 6, 999, 8, 4, 21, 1, 1),
(752, 10, '3 копейки', '', 0, 1976, 6, 999, 8, 4, 21, 1, 1),
(753, 10, '3 копейки', '', 0, 1980, 6, 999, 8, 4, 21, 1, 1),
(754, 10, '3 копейки', '', 0, 1981, 6, 999, 8, 4, 21, 1, 1),
(755, 10, '3 копейки', '', 0, 1982, 6, 999, 8, 4, 21, 1, 1),
(756, 10, '3 копейки', '', 0, 1983, 6, 999, 8, 4, 21, 1, 1),
(757, 10, '3 копейки', '', 0, 1984, 6, 999, 8, 4, 21, 1, 1),
(758, 10, '3 копейки', '', 0, 1985, 6, 999, 8, 4, 21, 1, 1),
(759, 10, '3 копейки', '', 0, 1986, 6, 999, 8, 4, 21, 1, 1),
(760, 10, '3 копейки', '', 0, 1987, 6, 999, 8, 4, 21, 1, 1),
(761, 10, '3 копейки', '', 0, 1988, 6, 999, 8, 4, 21, 1, 1),
(762, 10, '3 копейки', '', 0, 1989, 6, 999, 8, 4, 21, 1, 2),
(763, 10, '3 копейки', '', 0, 1990, 6, 999, 8, 3, 21, 1, 2),
(764, 10, '3 копейки', '', 0, 1991, 6, 999, 8, 3, 21, 1, 2),
(765, 10, '5 копеек', '', 0, 1930, 6, 999, 23, 4, 21, 1, 1),
(766, 10, '5 копеек', '', 0, 1932, 6, 999, 23, 5, 21, 1, 1),
(767, 10, '5 копеек', '', 0, 1956, 6, 999, 23, 5, 21, 1, 1),
(768, 10, '5 копеек', '', 0, 1961, 6, 999, 8, 3, 21, 1, 2),
(769, 10, '5 копеек', '', 0, 1974, 6, 999, 8, 4, 21, 1, 1),
(770, 10, '5 копеек', '', 0, 1976, 6, 999, 8, 4, 21, 1, 1),
(771, 10, '5 копеек', '', 0, 1981, 6, 999, 8, 4, 21, 1, 1),
(772, 10, '5 копеек', '', 0, 1982, 6, 999, 8, 4, 21, 1, 1),
(773, 10, '5 копеек', '', 0, 1983, 6, 999, 8, 4, 21, 1, 1),
(774, 10, '5 копеек', '', 0, 1985, 6, 999, 8, 4, 21, 1, 1),
(775, 10, '5 копеек', '', 0, 1986, 6, 999, 8, 4, 21, 1, 1),
(776, 10, '5 копеек', '', 0, 1987, 6, 999, 8, 4, 21, 1, 2),
(777, 10, '5 копеек', '', 0, 1988, 6, 999, 8, 4, 21, 1, 1),
(778, 10, '5 копеек', '', 0, 1989, 6, 999, 8, 4, 21, 1, 1),
(779, 10, '5 копеек', '', 0, 1990, 6, 999, 8, 5, 21, 1, 1),
(780, 10, '5 копеек', '', 0, 1991, 6, 999, 8, 3, 21, 1, 3),
(781, 10, '10 копеек', '', 0, 1936, 6, 999, 7, 5, 21, 1, 1),
(782, 10, '10 копеек', '', 0, 1957, 6, 999, 7, 6, 21, 1, 1),
(783, 10, '10 копеек', '', 0, 1977, 6, 999, 7, 3, 21, 1, 1),
(784, 10, '10 копеек', '', 0, 1982, 6, 999, 7, 3, 21, 1, 1),
(785, 10, '10 копеек', '', 0, 1984, 6, 999, 7, 3, 21, 1, 1),
(786, 10, '10 копеек', '', 0, 1989, 6, 999, 7, 3, 21, 1, 1),
(787, 10, '15 копеек', '', 0, 1981, 6, 999, 7, 3, 21, 1, 1),
(788, 10, '15 копеек', '', 0, 1984, 6, 999, 7, 3, 21, 1, 1),
(789, 10, '15 копеек', '', 0, 1987, 6, 999, 7, 3, 21, 1, 2),
(790, 10, '15 копеек', '', 0, 1990, 6, 999, 7, 3, 21, 1, 1),
(791, 10, '15 копеек', '', 0, 1991, 6, 999, 7, 2, 21, 1, 2),
(792, 10, '20 копеек', '', 0, 1946, 6, 999, 7, 3, 21, 1, 1),
(793, 10, '20 копеек', '', 0, 1981, 6, 999, 7, 5, 21, 1, 1),
(794, 10, '20 копеек', '', 0, 1983, 6, 999, 7, 3, 21, 1, 1),
(795, 10, '20 копеек', '', 0, 1987, 6, 999, 7, 3, 21, 1, 1),
(796, 10, '20 копеек', '', 0, 1988, 6, 999, 7, 3, 21, 1, 1),
(797, 10, '20 копеек', '', 0, 1990, 6, 999, 7, 3, 21, 1, 1),
(798, 10, '20 копеек', '', 0, 1991, 6, 999, 7, 3, 21, 1, 1),
(799, 10, '50 копеек', '', 0, 1964, 6, 999, 7, 3, 21, 1, 1),
(800, 10, '50 копеек', '', 0, 1987, 6, 999, 7, 3, 21, 1, 1),
(801, 10, '50 копеек', 'Пятьдесят лет Советской власти', 16, 1990, 6, 999, 7, 3, 21, 1, 1),
(802, 10, '20 копеек', 'Пятьдесят лет Советской власти', 16, 1990, 6, 999, 7, 3, 21, 1, 1),
(803, 10, '15 копеек', 'Пятьдесят лет Советской власти', 16, 1990, 6, 999, 7, 3, 21, 1, 1),
(804, 10, '10 копеек', 'Пятьдесят лет Советской власти', 16, 1990, 6, 999, 7, 3, 21, 1, 1),
(805, 10, '20 копеек', '', 0, 1933, 6, 999, 7, 3, 21, 1, 1),
(806, 10, '10 рублей', '', 0, 1991, 6, 999, 22, 3, 21, 1, 2),
(807, 10, '5 рублей', '', 0, 1991, 6, 999, 7, 3, 21, 1, 2),
(808, 10, '1 рубль', '', 0, 1991, 6, 999, 7, 3, 21, 1, 1),
(809, 10, '50 копеек', '', 0, 1991, 6, 999, 7, 3, 21, 1, 2),
(810, 10, '10 копеек', '', 0, 1991, 6, 999, 6, 3, 21, 1, 1),
(811, 1, '50 рублей', '', 0, 1993, 1, 999, 7, 3, 16, 1, 2),
(812, 1, '1 рубль', '', 0, 1992, 1, 999, 7, 3, 16, 1, 2),
(813, 1, '1 рубль', '', 0, 1992, 2, 999, 7, 3, 16, 1, 2),
(814, 1, '50 рублей', '', 0, 1992, 1, 999, 22, 3, 16, 1, 1),
(815, 1, '5 рублей', '', 0, 1992, 1, 999, 7, 3, 16, 1, 2),
(816, 1, '5 рублей', '', 0, 1992, 2, 999, 7, 3, 16, 1, 1),
(817, 1, '20 рублей', '', 0, 1993, 2, 999, 7, 3, 16, 1, 1),
(818, 1, '20 рублей', '', 0, 1992, 1, 999, 7, 3, 16, 1, 2),
(819, 1, '10 рублей', '', 0, 1992, 1, 999, 7, 3, 16, 1, 2),
(820, 1, '10 рублей', '', 0, 1993, 1, 999, 7, 3, 16, 1, 2),
(821, 1, '10 рублей', '', 0, 1993, 2, 999, 7, 3, 16, 1, 2),
(822, 1, '100 рублей', '', 0, 1993, 2, 999, 7, 3, 16, 1, 1),
(823, 1, '100 рублей', '', 0, 1993, 1, 999, 7, 3, 16, 1, 1),
(824, 41, '20 тенге', '', 0, 1990, 8, 999, 7, 3, 25, 1, 1),
(825, 41, '100 тенге', '', 0, 2002, 8, 999, 7, 3, 25, 1, 1),
(826, 41, '10 тенге', '', 0, 2004, 8, 999, 7, 3, 25, 1, 1),
(827, 41, '100 тенге', '', 0, 2005, 8, 999, 7, 3, 25, 1, 1),
(828, 41, '50 тенге', '', 0, 2002, 8, 999, 7, 3, 25, 1, 1),
(829, 41, '20 тенге', '', 0, 2000, 8, 999, 7, 3, 25, 1, 1),
(830, 41, '10 тенге', '', 0, 2011, 8, 999, 7, 3, 25, 1, 1),
(831, 41, '20 тенге', '', 0, 2013, 8, 999, 7, 3, 25, 1, 1),
(832, 41, '5 тенге', '', 0, 2000, 8, 999, 7, 3, 25, 1, 1),
(833, 42, '10 копiнок', '', 0, 2003, 9, 999, 7, 3, 25, 1, 1),
(834, 42, '1 гривня', '', 0, 2001, 9, 999, 7, 3, 25, 1, 1),
(835, 42, '1 гривня', 'Володимир Великий', 28, 2005, 9, 999, 7, 3, 25, 1, 1),
(836, 42, '1 гривня', 'Euro 2012', 28, 2012, 9, 999, 7, 3, 25, 1, 2),
(837, 42, '50 копiнок', '', 0, 1994, 9, 999, 7, 3, 25, 1, 1),
(838, 42, '25 копiнок', '', 0, 2010, 9, 999, 7, 3, 25, 1, 1),
(839, 42, '10 копiнок', '', 0, 2006, 9, 999, 7, 3, 25, 1, 1),
(840, 42, '10 копiнок', '', 0, 1992, 9, 999, 7, 3, 25, 1, 1),
(841, 42, '5 копiнок', '', 0, 2012, 9, 999, 7, 3, 25, 1, 1),
(842, 42, '2 копiнки', '', 0, 2004, 9, 999, 7, 3, 25, 1, 1),
(843, 42, '1 копiнка', '', 0, 1992, 9, 999, 7, 3, 25, 1, 1),
(844, 42, '25 копiнок', '', 0, 1992, 9, 999, 7, 3, 25, 1, 1),
(845, 42, '50 копiнок', '', 0, 1992, 9, 999, 7, 3, 25, 1, 1),
(846, 42, '5 копiнок', '', 0, 2005, 9, 999, 7, 3, 25, 1, 1),
(847, 40, '1 лев', 'Св. Иван Рилски', 0, 2002, 10, 999, 7, 3, 25, 1, 1),
(848, 40, '20 стотинки', '', 0, 1999, 10, 999, 7, 3, 25, 1, 1),
(849, 40, '10 стотинки', '', 0, 1999, 10, 999, 7, 3, 25, 1, 2),
(850, 40, '5 стотинки', '', 0, 2000, 10, 999, 7, 3, 25, 1, 1),
(851, 40, '2 стотинки', '', 0, 2000, 10, 999, 7, 3, 25, 1, 2),
(852, 40, '1 стотинка', '', 0, 2000, 10, 999, 7, 3, 25, 1, 1),
(853, 40, '1 лев', '', 0, 1997, 10, 999, 7, 6, 25, 1, 1),
(854, 40, '2 стотинки', '', 0, 1974, 10, 999, 7, 6, 25, 1, 1),
(855, 40, '50 стотинки', '', 0, 1999, 10, 999, 7, 3, 25, 1, 2),
(856, 39, '50 гяпиков', '', 0, 2006, 11, 999, 7, 3, 25, 1, 1),
(857, 39, '10 гяпиков', '', 0, 2006, 11, 999, 7, 3, 25, 1, 1),
(858, 3, '25 cents', 'Cindy Klassen', 18, 2009, 12, 19000000, 7, 2, 26, 1, 1),
(859, 3, '25 cents', 'Ice Hockey', 18, 2007, 12, 22000400, 7, 2, 26, 1, 1),
(860, 3, '25 cents', 'Figure Skating', 18, 2008, 12, 22000400, 7, 2, 26, 1, 1),
(861, 3, '25 cents', 'Men\'s Ice Hockey', 18, 2009, 12, 20000000, 7, 2, 26, 1, 1),
(862, 3, '25 cents', 'Curling', 18, 2007, 12, 22000400, 7, 2, 26, 1, 1),
(863, 3, '25 cents', 'Biathlon', 18, 2007, 12, 22000400, 7, 2, 26, 1, 1),
(864, 3, '25 cents', 'Bobsleigh', 18, 2008, 12, 22000400, 7, 2, 26, 1, 1),
(865, 3, '25 cents', 'Cross Country Skiing', 18, 2009, 12, 44000400, 7, 2, 26, 1, 1),
(866, 3, '25 cents', 'Women\'s Ice Hockey', 18, 2000, 12, 20000000, 7, 2, 26, 1, 1),
(867, 3, '25 cents', 'Alpine Skiing', 18, 2007, 12, 22000400, 7, 2, 26, 1, 1),
(868, 3, '25 cents', 'Speed Skating', 18, 2009, 12, 22000400, 7, 2, 26, 1, 1),
(869, 3, '25 cents', 'Freestyle Skiing', 18, 2008, 12, 22000400, 7, 2, 26, 1, 1),
(870, 3, '25 cents', 'Sledge hockey', 18, 2009, 12, 22000400, 7, 2, 26, 1, 1),
(871, 3, '25 cents', 'Snowboarding', 18, 2008, 12, 22000400, 7, 2, 26, 1, 1),
(872, 3, '25 cents', 'Wheelchair curling', 18, 2007, 12, 22000400, 7, 2, 26, 1, 1),
(873, 3, '25 cents', 'Wisdom Sagesse', 0, 2000, 12, 999, 7, 3, 26, 1, 1),
(874, 3, '5 cents', '', 0, 1992, 12, 999, 7, 2, 26, 1, 1),
(875, 3, '10 cents', '', 0, 2001, 12, 999, 7, 2, 26, 1, 1),
(876, 3, '1 dollar', '', 0, 1988, 12, 138893539, 12, 4, 26, 1, 1),
(877, 3, '1 cent', '', 0, 1999, 12, 999, 8, 2, 26, 1, 1),
(878, 3, '1 cent', '', 0, 1968, 12, 999, 8, 4, 26, 1, 1),
(879, 3, '25 cents', '', 0, 1969, 12, 999, 7, 3, 26, 1, 1),
(880, 3, '1 cent', '', 0, 1973, 12, 999, 8, 4, 26, 1, 1),
(881, 3, '1 cent', '', 0, 1963, 12, 999, 8, 4, 26, 1, 1),
(882, 4, '25 centavos', '', 0, 2009, 13, 999, 7, 3, 26, 1, 1),
(883, 4, '50 centavos', '', 0, 2009, 13, 999, 7, 3, 26, 1, 1),
(884, 4, '50 centavos', '', 0, 2008, 13, 999, 7, 3, 26, 1, 1),
(885, 4, '10 centavos', '', 0, 2008, 13, 999, 7, 3, 26, 1, 1),
(886, 4, '10 centavos', '', 0, 2007, 13, 999, 7, 3, 26, 1, 1),
(887, 4, '1 real', '', 0, 2010, 13, 999, 14, 3, 26, 1, 1),
(888, 6, '10 centimos', '', 0, 2008, 14, 999, 7, 4, 26, 1, 1),
(889, 6, '20 centimos', '', 0, 2012, 14, 999, 7, 4, 26, 1, 1),
(890, 6, '2 soles', '', 0, 2006, 14, 999, 7, 3, 26, 1, 1),
(891, 3, '25 cents', '', 0, 2010, 12, 999, 7, 3, 26, 1, 1),
(892, 6, '1 sol de oro', '', 0, 1976, 14, 999, 7, 4, 26, 1, 1),
(893, 70, '100 bolivares', '', 0, 2000, 15, 999, 7, 3, 26, 1, 1),
(894, 9, '20 dollars', '', 0, 2000, 16, 999, 7, 4, 26, 1, 1),
(895, 8, '1 peso', '', 0, 1978, 17, 999, 7, 3, 26, 1, 1),
(896, 5, '10 centavos', '', 0, 2000, 18, 999, 7, 3, 26, 1, 1),
(897, 7, '5 cents', '', 0, 2010, 16, 999, 7, 4, 26, 1, 1),
(898, 7, '25 cents', '', 0, 2008, 16, 999, 7, 3, 26, 1, 1),
(899, 5, '1 peso', '', 0, 2007, 18, 999, 7, 3, 26, 1, 1),
(900, 5, '25 centavos', '', 0, 2018, 18, 999, 7, 3, 26, 1, 1),
(901, 5, '5 centavos', '', 0, 2018, 18, 999, 7, 3, 26, 1, 1),
(902, 5, '5 centavos', '', 0, 1961, 0, 999, 7, 3, 26, 1, 1),
(903, 3, '25 cents', 'January', 19, 1999, 12, 999, 7, 2, 26, 1, 1),
(904, 3, '25 cents', 'February', 19, 1999, 12, 999, 7, 2, 26, 1, 1),
(905, 3, '25 cents', 'March', 19, 1999, 12, 999, 7, 2, 26, 1, 1),
(906, 3, '25 cents', 'April', 19, 1999, 12, 999, 7, 2, 26, 1, 1),
(907, 3, '25 cents', 'May', 19, 1999, 12, 999, 7, 2, 26, 1, 1),
(908, 3, '25 cents', 'June', 19, 1999, 12, 999, 7, 2, 26, 1, 1),
(909, 3, '25 cents', 'July', 19, 1999, 12, 999, 7, 2, 26, 1, 1),
(910, 3, '25 cents', 'August', 19, 1999, 12, 999, 7, 2, 26, 1, 1),
(911, 3, '25 cents', 'September', 19, 1999, 12, 999, 7, 2, 26, 1, 1),
(912, 3, '25 cents', 'October', 19, 1999, 12, 999, 7, 2, 26, 1, 1),
(913, 3, '25 cents', 'November', 19, 1999, 12, 999, 7, 2, 26, 1, 1),
(914, 3, '25 cents', 'December', 19, 1999, 12, 999, 7, 2, 26, 1, 1),
(915, 51, '5 agorot', '', 0, 2008, 12, 999, 7, 3, 31, 1, 1),
(916, 58, '5 baisa', '', 0, 1999, 12, 999, 7, 3, 31, 1, 1),
(917, 58, '5 baisa', '', 0, 2008, 12, 999, 7, 3, 31, 1, 1),
(918, 58, '50 baisa', '', 0, 2008, 12, 999, 7, 3, 31, 1, 1),
(919, 58, '10 baisa', '', 0, 1999, 12, 999, 7, 3, 31, 1, 1),
(920, 58, '10 baisa', '', 0, 2008, 12, 999, 7, 3, 31, 1, 1),
(921, 58, '25 baisa', '', 0, 1999, 12, 999, 7, 3, 31, 1, 1),
(922, 57, '1 dirham', '', 0, 2005, 12, 999, 7, 3, 31, 1, 2),
(923, 57, '1 dirham', '', 0, 2007, 12, 999, 7, 3, 31, 1, 1),
(924, 63, '1 lirasi', '', 0, 2005, 19, 999, 7, 3, 30, 1, 1),
(925, 63, '50 kurus', '', 0, 2009, 19, 999, 7, 3, 30, 1, 1),
(926, 63, '25 kurus', '', 0, 2005, 19, 999, 7, 3, 30, 1, 1),
(927, 63, '1 lirasi', '', 0, 2009, 19, 999, 7, 3, 30, 1, 2),
(928, 63, '50 kurus', '', 0, 2007, 19, 999, 7, 3, 30, 1, 1),
(929, 63, '25 kurus', '', 0, 2009, 19, 999, 7, 3, 30, 1, 1),
(930, 51, '1 sheqel', '', 0, 1985, 12, 999, 7, 4, 30, 1, 1),
(931, 64, '10 yen', '', 0, 2099, 20, 999, 7, 3, 30, 1, 1),
(932, 64, '1 yen', '', 0, 2099, 20, 999, 7, 3, 30, 1, 1),
(933, 64, '1 yen', '', 0, 2099, 20, 999, 7, 3, 30, 1, 1),
(934, 64, '100 yen', '', 0, 2099, 20, 999, 7, 3, 30, 1, 1),
(935, 64, '50 yen', '', 0, 2099, 20, 999, 7, 3, 30, 1, 1),
(936, 65, '1 piso', '', 0, 2010, 21, 999, 7, 3, 30, 1, 2),
(937, 65, '1 piso', '', 0, 2012, 21, 999, 7, 3, 30, 1, 1),
(938, 65, '5 piso', '', 0, 1998, 21, 999, 7, 3, 30, 1, 1),
(939, 62, '1000 manat', '', 0, 1999, 16, 999, 7, 3, 30, 1, 1),
(940, 62, '500 manat', '', 0, 1999, 16, 999, 7, 3, 30, 1, 1),
(941, 55, '20 sen', '', 0, 2002, 22, 999, 7, 3, 30, 1, 1),
(942, 55, '10 sen', '', 0, 1991, 22, 999, 7, 3, 30, 1, 1),
(943, 55, '10 sen', '', 0, 2002, 21, 999, 7, 3, 30, 1, 1),
(944, 56, '2 rufiyaa', '', 0, 2007, 16, 999, 7, 4, 30, 1, 1),
(945, 56, '1 rufiyaa', '', 0, 1990, 16, 999, 7, 3, 30, 1, 1),
(946, 56, '50 laari', '', 0, 2008, 16, 999, 7, 4, 30, 1, 1),
(947, 52, '5 rupees', '', 0, 2011, 23, 999, 7, 3, 30, 1, 2),
(948, 52, '5 rupees', '', 0, 2008, 23, 999, 7, 3, 30, 1, 1),
(949, 52, '5 rupees', '150 years of building India', 0, 2010, 23, 999, 7, 3, 30, 1, 1),
(950, 52, '5 rupees', 'Mother Teresa', 0, 2010, 23, 999, 7, 3, 30, 1, 1),
(951, 52, '5 rupees', '', 0, 2010, 23, 999, 7, 3, 30, 1, 1),
(952, 52, '2 rupees', '', 0, 2011, 23, 999, 7, 3, 30, 1, 1),
(953, 52, '1 rupee', '', 0, 2015, 23, 999, 7, 3, 30, 1, 1),
(954, 52, '10 rupees', '', 0, 2014, 23, 999, 7, 3, 30, 1, 1),
(955, 52, '50 paise', 'Indira Gandhi', 0, 1985, 23, 999, 7, 3, 30, 1, 1),
(956, 52, '1 rupee', '', 0, 2011, 23, 999, 7, 3, 30, 1, 1),
(957, 52, '5 rupees', 'tiger', 0, 2010, 23, 999, 7, 3, 30, 1, 1),
(958, 52, '50 paise', '', 0, 2008, 23, 999, 7, 3, 30, 1, 1),
(959, 52, '1 rupee', '', 0, 2010, 23, 999, 7, 3, 30, 1, 1),
(960, 52, '2 rupees', '', 0, 2008, 23, 999, 7, 3, 30, 1, 1),
(961, 52, '50 paise', '', 0, 1999, 23, 999, 7, 3, 30, 1, 1),
(962, 52, '1 rupee', '', 0, 1998, 23, 999, 7, 3, 30, 1, 1),
(963, 52, '2 rupee', '', 0, 2000, 23, 999, 7, 3, 30, 1, 1),
(964, 52, '25 paise', '', 0, 1991, 23, 999, 7, 3, 30, 1, 1),
(965, 52, '5 rupees', '75 years of Dandi March', 0, 2005, 23, 999, 7, 3, 30, 1, 1),
(966, 52, '2 rupees', '', 0, 2005, 23, 999, 7, 3, 30, 1, 1),
(967, 52, '1 rupee', '', 0, 2000, 23, 999, 7, 3, 30, 1, 1),
(968, 52, '5 rupees', '', 0, 2000, 23, 999, 7, 3, 30, 1, 1),
(969, 52, '1 rupee', 'tiger', 0, 2010, 23, 999, 7, 3, 30, 1, 2),
(970, 52, '1 pice', '', 0, 1951, 23, 999, 7, 4, 30, 1, 1),
(971, 52, '1 quater', '', 0, 1912, 23, 999, 7, 3, 30, 1, 1),
(972, 52, '5 rupees', '', 0, 1965, 23, 999, 7, 3, 30, 1, 1),
(973, 52, '1 pice', '', 0, 1945, 23, 999, 7, 3, 30, 1, 1),
(974, 52, '1 pice', '', 0, 1947, 23, 999, 7, 3, 30, 1, 1),
(975, 59, '50 cents', '', 0, 1995, 24, 999, 7, 3, 30, 1, 1),
(976, 59, '20 cents', '', 0, 2007, 24, 999, 7, 3, 30, 1, 2),
(977, 59, '10 cents', '', 0, 2010, 24, 999, 7, 2, 30, 1, 1),
(978, 59, '50 cents', '', 0, 2007, 24, 999, 7, 3, 30, 1, 1),
(979, 59, '1 dollar', '', 0, 1997, 24, 999, 7, 3, 30, 1, 1),
(980, 59, '10 cents', '', 0, 1991, 24, 999, 7, 3, 30, 1, 1),
(981, 53, '500 rupiah', '', 0, 2003, 25, 999, 7, 3, 30, 1, 1),
(982, 53, '500 rupiah', '', 0, 2099, 25, 999, 5, 3, 30, 1, 1),
(983, 53, '200 rupiah', '', 0, 2099, 25, 999, 5, 3, 30, 1, 1),
(984, 53, '100 rupiah', '', 0, 1999, 25, 999, 5, 3, 30, 1, 2),
(985, 53, '50 rupiah', '', 0, 1999, 25, 999, 5, 3, 30, 1, 1),
(986, 59, '5 cents', '', 0, 2010, 24, 999, 7, 3, 30, 1, 1),
(987, 57, '1 dirham', '', 0, 2012, 12, 999, 7, 3, 30, 1, 1),
(988, 57, '25 fils', '', 0, 2018, 12, 999, 7, 3, 30, 1, 1),
(989, 57, '25 fils', '', 0, 2005, 12, 999, 7, 3, 30, 1, 1),
(990, 57, '50 fils', '', 0, 2007, 12, 999, 7, 3, 30, 1, 2),
(991, 54, '1 dinar', '', 0, 1981, 16, 999, 7, 3, 30, 1, 1),
(992, 54, '10 fils', '', 0, 1975, 16, 999, 7, 3, 30, 1, 1),
(993, 54, '5 fils', '', 0, 1981, 16, 999, 7, 3, 30, 1, 1),
(994, 54, '250 fils', '', 0, 1980, 16, 999, 7, 3, 30, 1, 1),
(995, 63, '1 lirasi', '', 0, 2013, 19, 999, 7, 3, 30, 1, 1),
(996, 63, '50 kurus', '', 0, 2010, 19, 999, 7, 3, 30, 1, 1),
(997, 54, '500 fils', '', 0, 1982, 16, 999, 7, 3, 30, 1, 1),
(998, 54, '50 fils', '', 0, 1981, 16, 999, 7, 3, 30, 1, 1),
(999, 54, '25 fils', '', 0, 1981, 16, 999, 7, 3, 30, 1, 1),
(1000, 54, '25 dinar', '', 0, 2004, 16, 999, 7, 3, 30, 1, 1),
(1001, 60, '10 bat', '', 0, 2099, 26, 999, 7, 3, 30, 1, 1),
(1002, 60, '50 satang', 'red', 0, 2099, 26, 999, 7, 3, 30, 1, 1),
(1003, 60, '50 satang', 'yellow', 0, 2099, 26, 999, 7, 3, 30, 1, 1),
(1004, 60, '1 bat', '', 0, 2099, 26, 999, 7, 3, 30, 1, 3),
(1005, 54, '250 fils', '', 0, 1970, 26, 999, 7, 3, 30, 1, 1),
(1006, 60, '250 fils', '', 0, 1972, 26, 999, 7, 3, 30, 1, 1),
(1007, 60, '2 bat', 'yellow', 0, 2099, 26, 999, 7, 3, 30, 1, 1),
(1008, 60, '2 bat', 'silver', 0, 2099, 26, 999, 7, 3, 30, 1, 1),
(1009, 60, '5 bat', '', 0, 2099, 26, 999, 7, 3, 30, 1, 1),
(1010, 60, '25 satang', '', 0, 2099, 26, 999, 7, 3, 30, 1, 1),
(1011, 48, '20 c', '', 0, 2008, 27, 999, 7, 4, 28, 1, 1),
(1012, 48, '20 c', '', 0, 2012, 27, 999, 7, 3, 28, 1, 1),
(1013, 48, '20 c', '', 0, 1995, 27, 999, 7, 4, 28, 1, 2),
(1014, 48, '5 c', '', 0, 2010, 27, 999, 7, 4, 28, 1, 1),
(1015, 48, '5 c', '', 0, 2008, 27, 999, 7, 3, 28, 1, 1),
(1016, 46, '5 с', '', 0, 2012, 28, 999, 7, 3, 28, 1, 1),
(1017, 48, '1 rand', '', 0, 2010, 27, 999, 7, 3, 28, 1, 2),
(1018, 48, '1 rand', '', 0, 2008, 27, 999, 7, 3, 28, 1, 1),
(1019, 45, '25 francs', '', 0, 1970, 28, 999, 7, 4, 28, 1, 1),
(1020, 48, '5 rand', '', 0, 1997, 27, 999, 7, 5, 28, 1, 1),
(1021, 48, '2 rand', '', 0, 2003, 27, 999, 7, 4, 28, 1, 1),
(1022, 48, '50 c', '', 0, 2007, 27, 999, 7, 4, 28, 1, 1),
(1023, 48, '5 rand', '', 0, 2009, 27, 999, 7, 4, 28, 1, 1),
(1024, 45, '100 francs', '', 0, 1971, 28, 999, 7, 4, 28, 1, 1),
(1025, 43, '50 centimos', '', 0, 2012, 29, 999, 7, 3, 28, 1, 3),
(1026, 43, '20 kwanzas', '', 0, 2011, 29, 999, 7, 4, 28, 1, 1),
(1027, 45, '100 francs', '', 0, 1972, 28, 999, 7, 6, 28, 1, 1),
(1028, 45, '100 francs', '', 0, 1975, 28, 999, 7, 5, 28, 1, 1),
(1029, 43, '5 kwanzas', '', 0, 2012, 29, 999, 7, 4, 28, 1, 1),
(1030, 43, '10 kwanzas', '', 0, 2012, 29, 999, 7, 3, 28, 1, 3),
(1031, 45, '100 francs', '', 0, 1992, 28, 999, 7, 4, 28, 1, 1),
(1032, 45, '500 francs', '', 0, 1977, 28, 999, 7, 4, 28, 1, 1),
(1033, 43, '50 kwanzas', 'Independence Anniversary', 0, 2015, 29, 999, 7, 4, 28, 1, 1),
(1034, 43, '100 kwanzas', 'Independence Anniversary', 0, 2015, 29, 999, 7, 4, 28, 1, 1),
(1035, 44, '5 пиастров', 'Орел', 0, 1973, 30, 999, 7, 4, 28, 1, 1),
(1036, 44, '5 пиастров', 'Кувшин', 0, 2004, 30, 999, 7, 4, 28, 1, 1),
(1037, 44, '5 пиастров', 'Афродита', 0, 1975, 30, 999, 7, 4, 28, 1, 1),
(1038, 44, '5 пиастров', 'Кувшин', 0, 2008, 30, 999, 7, 4, 28, 1, 1),
(1039, 44, '50 пиастров', '', 0, 2007, 30, 999, 7, 4, 28, 1, 1),
(1040, 44, '5 пиастров', 'Пирамиды', 0, 1984, 30, 999, 7, 4, 28, 1, 2),
(1041, 44, '10 пиастров', '', 0, 1973, 30, 999, 7, 4, 28, 1, 1),
(1042, 44, '10 пиастров', '', 0, 1970, 30, 999, 7, 4, 28, 1, 1),
(1043, 44, '10 пиастров', '', 0, 1992, 30, 999, 7, 4, 28, 1, 1),
(1044, 44, '25 пиастров', '', 0, 2010, 30, 999, 7, 4, 28, 1, 1),
(1045, 44, '2 пиастра', '', 0, 1980, 30, 999, 7, 4, 28, 1, 1),
(1046, 44, '5 пиастров', '', 0, 1960, 30, 999, 7, 4, 28, 1, 1),
(1047, 44, '1 pound', '', 0, 2008, 30, 999, 7, 4, 28, 1, 2),
(1048, 44, '5 пиастров', '', 0, 2003, 30, 999, 7, 4, 28, 1, 1),
(1049, 44, '1 пиастр', '', 0, 1972, 30, 999, 7, 4, 28, 1, 1),
(1050, 44, '25', '', 0, 1996, 30, 999, 7, 4, 28, 1, 1),
(1051, 44, '50 пиастров', '', 0, 2012, 30, 999, 7, 4, 28, 1, 1),
(1052, 45, '100 francs', '', 0, 1998, 28, 999, 7, 4, 28, 1, 1),
(1053, 47, '5 FCFA', '', 0, 2006, 28, 999, 7, 4, 28, 1, 1),
(1054, 47, '10 FCFA', '', 0, 2006, 28, 999, 7, 4, 28, 1, 1),
(1055, 47, '25 FCFA', '', 0, 2006, 28, 999, 7, 4, 28, 1, 2),
(1056, 47, '50 FCFA', '', 0, 2006, 28, 999, 7, 4, 28, 1, 3),
(1057, 47, '100 FCFA', '', 0, 2006, 28, 999, 7, 4, 28, 1, 2),
(1058, 47, '500 FCFA', '', 0, 2006, 28, 999, 7, 4, 28, 1, 1),
(1059, 61, '5 dinar', '', 0, 2002, 28, 999, 7, 4, 28, 1, 1),
(1060, 61, '2 dinar', '', 0, 2013, 28, 999, 7, 3, 28, 1, 2),
(1061, 61, '1/2 dinar', '', 0, 2009, 28, 999, 7, 4, 28, 1, 1),
(1062, 61, '1 dinar', '', 0, 1990, 28, 999, 7, 6, 28, 1, 1),
(1063, 61, '1 dinar', '', 0, 2013, 28, 999, 7, 3, 28, 1, 3),
(1064, 61, '1/2 dinar', '', 0, 1997, 28, 999, 7, 5, 28, 1, 1),
(1065, 61, '200 millim', '', 0, 2013, 28, 999, 7, 3, 28, 1, 1),
(1066, 61, '100 millim', '', 0, 2011, 28, 999, 7, 4, 28, 1, 1),
(1067, 61, '50 millim', '', 0, 2013, 28, 999, 7, 4, 28, 1, 1),
(1068, 61, '50 millim', '', 0, 1997, 28, 999, 7, 4, 28, 1, 1),
(1069, 49, '1 dollar', '', 0, 1985, 31, 999, 7, 4, 28, 3, 1),
(1070, 49, '1 dollar', '', 0, 1994, 31, 999, 7, 4, 28, 3, 1),
(1071, 49, '2 dollars', '', 0, 1989, 31, 999, 7, 4, 28, 5, 1),
(1072, 49, '5 cents', '', 0, 2008, 31, 999, 7, 3, 28, 1, 1),
(1073, 49, '5 cents', '', 0, 1994, 31, 999, 7, 3, 28, 1, 1),
(1074, 24, '10 euro cent', '', 0, 2099, 28, 999, 7, 3, 24, 1, 1),
(1075, 15, '5 forint', '', 0, 2013, 33, 999, 7, 3, 24, 1, 1),
(1076, 16, '1 euro', '', 0, 2002, 34, 999, 7, 3, 24, 1, 2),
(1077, 12, '1 euro cent', '', 0, 2011, 11, 999, 7, 4, 24, 1, 1),
(1078, 13, '1 penny', '', 0, 1987, 16, 999, 7, 3, 24, 1, 1),
(1079, 20, '1 peseta', '', 0, 1963, 41, 999, 7, 3, 24, 1, 1),
(1080, 30, '15 bani', '', 0, 1966, 49, 999, 7, 3, 24, 1, 1),
(1081, 14, '1 f', '', 0, 1989, 32, 999, 7, 3, 24, 1, 1),
(1082, 20, '5 ptas', '', 0, 1992, 41, 999, 7, 3, 24, 1, 1),
(1083, 36, '10 h', '', 0, 1995, 52, 999, 7, 3, 24, 1, 1),
(1084, 29, '1 escudo', '', 0, 1984, 29, 999, 7, 3, 24, 1, 1),
(1085, 35, '1 kuna', '', 0, 2011, 51, 999, 7, 3, 24, 1, 1),
(1086, 20, '5 euro cent', '', 0, 2009, 41, 999, 7, 4, 24, 1, 1),
(1087, 33, '5 euro cent', '', 0, 2001, 40, 999, 7, 4, 24, 1, 1),
(1088, 34, '50 euro cent', '', 0, 2001, 28, 999, 7, 4, 24, 1, 1),
(1089, 28, '2 zt', '', 0, 1981, 48, 999, 7, 4, 24, 1, 1),
(1090, 23, '1 centas', '', 0, 1991, 55, 999, 7, 3, 24, 1, 1),
(1091, 23, '2 centai', '', 0, 1991, 55, 999, 7, 3, 24, 1, 1),
(1092, 28, '5 zt', '', 0, 1984, 48, 999, 7, 4, 24, 1, 1),
(1093, 28, '2 zl', 'puzzle', 0, 2010, 48, 999, 7, 3, 24, 1, 1),
(1094, 28, '2 zl', 'Grunvald', 0, 2010, 48, 999, 7, 3, 24, 1, 1),
(1095, 15, '1 forint', '', 0, 1996, 33, 999, 7, 4, 24, 1, 1),
(1096, 15, '20 filler', '', 0, 1970, 33, 999, 7, 4, 24, 1, 1),
(1097, 34, '20 centimes', '', 0, 1968, 28, 999, 7, 4, 24, 1, 1),
(1098, 38, '1 krona', '', 0, 2008, 54, 999, 7, 3, 24, 1, 1),
(1099, 13, '1 pound', '', 0, 1997, 16, 999, 7, 3, 24, 1, 1),
(1100, 13, '1 pound', '', 0, 2017, 16, 999, 7, 3, 24, 1, 1),
(1101, 27, '10 kr', '', 0, 2002, 47, 999, 7, 3, 24, 1, 1),
(1102, 27, '1 krone', '', 0, 2011, 47, 999, 7, 3, 24, 1, 1),
(1103, 27, '5 kroner', '', 0, 2007, 47, 999, 7, 3, 24, 1, 1),
(1104, 27, '10 kr', '', 0, 1996, 47, 999, 7, 3, 24, 1, 1),
(1105, 18, '5 kroner', '', 0, 1990, 42, 999, 7, 3, 24, 1, 1),
(1106, 18, '50 øre', '', 0, 1994, 42, 999, 7, 4, 24, 1, 1),
(1107, 38, '1 krona', '', 0, 1983, 54, 999, 7, 3, 24, 1, 1),
(1108, 12, '10 euro cent', '', 0, 2002, 11, 999, 7, 3, 24, 1, 1),
(1109, 16, '10 euro cent', '', 0, 2003, 38, 999, 7, 3, 24, 1, 1),
(1110, 30, '5 bani', '', 0, 2007, 49, 999, 7, 4, 24, 1, 1),
(1111, 38, '1 krona', '', 0, 1978, 54, 999, 7, 3, 24, 1, 1),
(1112, 16, '10 pfening', '', 0, 1987, 34, 999, 7, 4, 24, 1, 1),
(1113, 27, '5 kroner', '', 0, 1998, 47, 999, 7, 3, 24, 1, 1),
(1114, 27, '1 krone', '', 0, 1998, 47, 999, 7, 3, 24, 1, 3),
(1115, 16, '50 euro cent', '', 0, 2002, 35, 999, 7, 3, 24, 1, 1),
(1116, 27, '1 krone', '', 0, 2006, 47, 999, 7, 3, 24, 1, 1),
(1117, 27, '1 krone', '', 0, 2007, 47, 999, 7, 3, 24, 1, 1),
(1118, 16, '10 euro cent', '', 0, 2002, 37, 999, 7, 3, 24, 1, 2),
(1119, 12, '10 euro cent', '', 0, 2008, 11, 999, 7, 3, 24, 1, 1),
(1120, 27, '1 krone', '', 0, 2001, 47, 999, 7, 3, 24, 1, 3),
(1121, 27, '1 krone', '', 0, 1997, 47, 999, 7, 3, 24, 1, 2),
(1122, 27, '1 krone', '', 0, 2000, 47, 999, 7, 3, 24, 1, 1),
(1123, 16, '10 euro cent', '', 0, 2019, 36, 999, 7, 2, 24, 1, 1),
(1124, 20, '1 euro', '', 0, 2002, 41, 999, 7, 3, 24, 1, 1),
(1125, 20, '1 euro', '', 0, 2009, 41, 999, 7, 3, 24, 1, 1),
(1126, 17, '20 драхм', '', 0, 1990, 39, 999, 7, 3, 24, 1, 1),
(1127, 17, '1 драхма', '', 0, 1980, 39, 999, 7, 4, 24, 1, 1),
(1128, 25, '1 рубль', 'Год Огненной Обезьяны', 0, 2015, 45, 999, 7, 2, 24, 1, 1),
(1129, 25, '1 рубль', 'Год Огненного Петуха', 0, 2016, 45, 999, 7, 2, 24, 1, 1),
(1130, 4, '5 centavos', '', 0, 2099, 13, 999, 7, 3, 26, 1, 1),
(1131, 22, '5 cent', '', 0, 2004, 40, 999, 7, 3, 24, 1, 1),
(1132, 36, '2 koruna ceska', '', 0, 2002, 52, 999, 7, 3, 24, 1, 1),
(1133, 36, '1 koruna ceska', '', 0, 1994, 52, 999, 7, 3, 24, 1, 1),
(1134, 36, '1 koruna ceska', '', 0, 2007, 52, 999, 7, 3, 24, 1, 1),
(1135, 36, '1 koruna ceska', '', 0, 2011, 52, 999, 7, 2, 24, 1, 1),
(1136, 36, '50 koruna ceska', '', 0, 2009, 52, 999, 7, 3, 24, 2, 1),
(1137, 13, '20 pence', '', 0, 2000, 16, 999, 7, 3, 24, 1, 1),
(1138, 13, '5 pence', '', 0, 2015, 16, 999, 7, 2, 24, 1, 1),
(1139, 37, '10 раппенов', '', 0, 1978, 53, 999, 7, 3, 24, 1, 1),
(1140, 12, '2 euro', '', 17, 2008, 11, 999, 7, 3, 32, 1, 1),
(1141, 12, '10 euro cent', '', 17, 2007, 11, 999, 7, 3, 32, 1, 1),
(1142, 12, '5 euro cent', '', 17, 2008, 11, 999, 7, 4, 32, 1, 1),
(1143, 12, '2 euro cent', '', 17, 2005, 11, 999, 7, 4, 32, 1, 1),
(1144, 12, '1 euro cent', '', 17, 2006, 11, 999, 7, 3, 32, 1, 1),
(1145, 14, '2 euro', '', 17, 2000, 32, 999, 7, 3, 32, 1, 1),
(1146, 12, '50 euro cent', '', 17, 1999, 32, 999, 7, 3, 32, 1, 1),
(1147, 16, '2 euro', '', 17, 2010, 38, 999, 7, 3, 32, 1, 1),
(1148, 16, '1 euro', '', 17, 2002, 35, 999, 7, 3, 32, 1, 1),
(1149, 16, '50 euro cent', '', 17, 2002, 34, 999, 7, 3, 32, 1, 1),
(1150, 16, '20 euro cent', '', 17, 2010, 36, 999, 7, 3, 32, 1, 1),
(1151, 16, '5 euro cent', '', 17, 2007, 36, 999, 7, 3, 32, 1, 1),
(1152, 16, '2 euro cent', '', 17, 2007, 34, 999, 7, 3, 32, 1, 1),
(1153, 17, '2 euro', '', 17, 2009, 39, 999, 7, 3, 32, 1, 1),
(1154, 17, '1 euro', '', 17, 2007, 39, 999, 7, 3, 32, 1, 1),
(1155, 17, '20 euro cent', '', 17, 2002, 41, 999, 7, 3, 32, 1, 1),
(1156, 17, '10 euro cent', '', 17, 2002, 39, 999, 7, 3, 32, 1, 1),
(1157, 17, '1 euro cent', '', 17, 2008, 39, 999, 7, 3, 32, 1, 1),
(1158, 19, '10 euro cent', '', 17, 2008, 43, 999, 7, 3, 32, 1, 1),
(1159, 20, '2 euro', '', 17, 2003, 41, 999, 7, 3, 32, 1, 1),
(1160, 20, '1 euro', '', 17, 2004, 41, 999, 7, 3, 32, 1, 1),
(1161, 20, '50 euro cent', '', 17, 1999, 41, 999, 7, 3, 32, 1, 1),
(1162, 20, '20 euro cent', '', 17, 2005, 41, 999, 7, 3, 32, 1, 1),
(1163, 20, '5 euro cent', '', 17, 2011, 41, 999, 7, 3, 32, 1, 1),
(1164, 21, '2 euro', '', 17, 2002, 44, 999, 7, 3, 32, 1, 1),
(1165, 21, '1 euro', '', 17, 2099, 44, 999, 7, 3, 32, 1, 1),
(1166, 21, '50 euro cent', '', 17, 2002, 44, 999, 7, 3, 32, 1, 1),
(1167, 24, '2 euro', '', 17, 2015, 46, 999, 7, 3, 32, 1, 1),
(1168, 24, '1 euro', '', 17, 2017, 46, 999, 7, 3, 32, 1, 1),
(1169, 24, '50 euro cent', '', 17, 2017, 46, 999, 7, 3, 32, 1, 1),
(1170, 24, '20 euro cent', '', 17, 2008, 28, 999, 7, 3, 32, 1, 1),
(1171, 24, '10 euro cent', '', 17, 2019, 46, 999, 7, 3, 32, 1, 1),
(1172, 24, '5 euro cent', '', 17, 2017, 46, 999, 7, 3, 32, 1, 2),
(1173, 24, '2 euro cent', '', 17, 2008, 28, 999, 7, 3, 32, 1, 1),
(1174, 24, '1 euro cent', '', 17, 2018, 46, 999, 7, 3, 32, 1, 1),
(1175, 26, '50 euro cent', '', 17, 1999, 46, 999, 7, 3, 32, 1, 1),
(1176, 29, '1 euro', '', 17, 2003, 29, 999, 7, 3, 32, 1, 1),
(1177, 31, '2 euro', '', 17, 2009, 50, 999, 7, 3, 32, 1, 1),
(1178, 31, '50 euro cent', '', 17, 2009, 50, 999, 7, 3, 32, 1, 1),
(1179, 32, '1 euro', '', 17, 2007, 40, 999, 7, 3, 32, 1, 1),
(1180, 33, '50 euro cent', '', 17, 1999, 40, 999, 7, 3, 32, 1, 1),
(1181, 33, '20 euro cent', '', 17, 2001, 40, 999, 7, 3, 32, 1, 2),
(1182, 33, '10 euro cent', '', 17, 2000, 40, 999, 7, 3, 32, 1, 1),
(1183, 33, '5 euro cent', '', 17, 2002, 40, 999, 7, 3, 32, 1, 1),
(1184, 34, '2 euro', '', 17, 2017, 28, 999, 7, 3, 32, 1, 1),
(1185, 34, '1 euro', '', 17, 1999, 28, 999, 7, 3, 32, 1, 1),
(1186, 34, '50 euro cent', '', 17, 2002, 28, 999, 7, 3, 32, 1, 1),
(1187, 34, '20 euro cent', '', 17, 1999, 28, 999, 7, 3, 32, 1, 1),
(1188, 67, '5 cent', '', 0, 2099, 56, 999, 7, 2, 5, 1, 1),
(1189, 68, '10 centavos', '', 0, 2009, 57, 999, 7, 2, 5, 1, 1),
(1190, 16, '2 euro cent', '', 0, 2011, 36, 999, 7, 2, 5, 1, 1),
(1191, 34, '2 euro cent', '', 0, 2004, 28, 999, 7, 2, 5, 1, 1),
(1192, 27, '10 øre', '', 0, 1987, 47, 999, 7, 2, 5, 1, 1),
(1193, 13, '1 penny', '', 0, 2010, 16, 999, 7, 2, 5, 1, 1),
(1194, 21, '2 euro cent', '', 0, 2002, 44, 999, 7, 2, 5, 1, 1),
(1195, 3, '1 cent', '', 0, 2002, 12, 999, 7, 1, 5, 1, 1),
(1196, 64, '1 yen', '', 0, 2099, 20, 999, 5, 3, 5, 1, 1),
(1197, 66, '1 yijiao', '', 0, 1996, 58, 999, 7, 2, 5, 1, 1),
(1198, 69, '1 tambala', '', 0, 1995, 16, 999, 7, 2, 5, 1, 1),
(1199, 16, '10 euro cent', '', 17, 2002, 36, 999, 7, 3, 32, 1, 1),
(1200, 1, '3 рубля', 'Будапешт', 26, 1995, 2, 999, 7, 8, 20, 25, 1),
(1201, 1, '3 рубля', 'Прага', 26, 1995, 2, 999, 7, 8, 20, 50, 1),
(1202, 1, '5 рублей', 'Туркестан', 26, 1992, 1, 999, 7, 8, 20, 20, 1),
(1203, 1, '3 рубля', 'Вена', 26, 2099, 2, 999, 7, 8, 20, 25, 1),
(1204, 1, '3 рубля', 'Открытие Второго Фронта', 26, 1994, 2, 999, 7, 8, 20, 40, 1),
(1205, 1, '2 рубля', 'Лев', 26, 2005, 2, 999, 2, 8, 20, 1, 1),
(1206, 1, '2 рубля', '200 лет со дня рождения Грибоедоова', 26, 1995, 2, 999, 2, 8, 20, 20, 1),
(1207, 1, '3 рубля', 'Подписание акта о безоговорочной капитуляции фашистской Германии', 26, 1995, 1, 999, 7, 8, 20, 40, 1),
(1208, 1, '3 рубля', 'Встреча на Эльбе', 26, 1995, 2, 999, 7, 8, 20, 50, 1),
(1209, 1, '3 рубля', 'Берлин', 26, 1995, 2, 999, 7, 8, 20, 50, 1),
(1210, 1, '3 рубля', 'Сталинградская битва', 26, 1993, 2, 999, 7, 8, 20, 10, 1),
(1211, 1, '3 рубля', 'Безоговорочная капитуляция Японии', 26, 1995, 1, 999, 7, 8, 20, 40, 1),
(1212, 2, '1 dollar', '', 0, 1971, 5, 999, 2, 2, 20, 10, 1),
(1213, 2, '1 dollar', '', 0, 1991, 0, 7191066, 7, 2, 20, 50, 1),
(1214, 49, '1 dollar', 'Dragon', 0, 2000, 31, 999, 2, 8, 20, 60, 1),
(1215, 2, '1/2 dollar', 'A Nation of Immigrants', 0, 1986, 3, 928008, 7, 8, 20, 6, 1),
(1216, 2, '1/2 dollar', '200 years of freedom', 0, 1976, 0, 234308000, 7, 2, 20, 2, 1),
(1217, 2, '1/2 dollar', '', 0, 1996, 4, 24442000, 7, 2, 20, 2, 1),
(1218, 2, '1/2 dollar', '', 0, 1985, 4, 18706962, 7, 2, 20, 2, 1),
(1219, 2, '1/2 dollar', '', 0, 1973, 3, 83171400, 7, 2, 20, 2, 1),
(1220, 2, '1/2 dollar', '', 0, 1997, 4, 20882000, 7, 2, 20, 2, 1),
(1221, 2, '1/2 dollar', '', 0, 1994, 4, 23718000, 7, 2, 20, 2, 1),
(1222, 52, '1 rupee', '', 0, 1877, 23, 999, 2, 1, 20, 20, 1),
(1223, 52, '1 rupee', '', 0, 1918, 23, 999, 2, 1, 20, 20, 1),
(1224, 52, '1 rupee', '', 0, 1917, 23, 999, 2, 1, 20, 20, 1),
(1225, 52, '1 rupee', '', 0, 1916, 23, 999, 2, 1, 20, 20, 1),
(1226, 52, '5 rupees', 'Indira Ghandi', 0, 1985, 23, 999, 7, 1, 20, 3, 1),
(1227, 52, '1 rupee', '', 0, 1906, 23, 999, 2, 1, 20, 15, 1),
(1228, 52, '1 rupee', '', 0, 1901, 23, 999, 2, 1, 20, 20, 1),
(1229, 52, '1 rupee', '', 0, 1944, 23, 999, 2, 1, 20, 15, 1),
(1230, 41, '50 тенге', 'Длинноиглый Еж', 0, 2013, 8, 999, 2, 1, 20, 3, 1),
(1231, 41, '50 тенге', 'Праздник Наузыз', 0, 2012, 8, 999, 2, 1, 20, 3, 1),
(1232, 11, '5 копеек', '', 0, 1774, 59, 999, 2, 5, 20, 20, 1),
(1233, 11, '5 копеек', '', 0, 1879, 60, 999, 2, 5, 20, 2, 1),
(1234, 11, '2 копейки', '', 0, 1801, 59, 999, 2, 5, 20, 2, 1),
(1235, 11, '5 копеек', '', 0, 1766, 59, 999, 2, 6, 20, 4, 1),
(1236, 40, '2 лева', 'Съединението Прави Силата', 0, 1981, 10, 999, 7, 8, 20, 4, 1),
(1237, 10, '1 полтинник', '', 0, 1924, 6, 999, 2, 4, 20, 20, 1),
(1238, 10, '1 полтинник', '', 0, 1925, 6, 999, 2, 5, 20, 20, 1),
(1239, 10, '1 полтинник', '', 0, 1926, 6, 999, 2, 4, 20, 20, 1),
(1240, 10, '1 полтинник', '', 0, 1927, 6, 999, 2, 5, 20, 20, 1),
(1241, 10, '50 копеек', '', 0, 1921, 6, 999, 2, 4, 20, 15, 1),
(1242, 10, '50 копеек', '', 0, 1922, 6, 999, 2, 4, 20, 15, 1),
(1243, 10, '1 рубль', '', 0, 1964, 6, 999, 2, 4, 20, 1, 3),
(1244, 11, '3 копейки', '', 0, 1908, 60, 999, 7, 3, 20, 1, 1),
(1245, 11, '2 копейки', '', 0, 1906, 60, 999, 7, 5, 20, 1, 1),
(1246, 11, '1 копейка', '', 0, 1894, 60, 999, 7, 4, 20, 1, 1),
(1247, 11, '1/2 копейки', '', 0, 1913, 60, 999, 7, 4, 20, 1, 1),
(1248, 11, '1 копейка', '', 0, 1800, 59, 999, 7, 6, 20, 1, 1),
(1249, 11, '1 денга', '', 0, 1741, 59, 999, 7, 6, 20, 1, 1),
(1250, 1, '25 рублей', 'Барбоскины | цвет', 12, 2020, 2, 999, 7, 1, 0, 1, 1),
(1251, 1, '25 рублей', 'Дед Мороз и Лето | цвет', 12, 2019, 2, 999, 7, 1, 0, 1, 1),
(1252, 1, '25 рублей', 'Бременские Музыканты | цвет', 12, 2019, 2, 999, 7, 1, 0, 1, 1),
(1253, 1, '25 рублей', 'Эмблема | цвет', 13, 2014, 2, 999, 7, 1, 0, 1, 1),
(1254, 50, '1 dollar', 'Father Frost', 0, 2099, 0, 999, 7, 8, 0, 1, 1),
(1255, 2, '1 cent', 'Presidency in Washington, D.C.', 5, 2009, 0, 999, 8, 1, 0, 1, 1),
(1256, 2, '1 cent', 'Childhood in Kentucky', 5, 2009, 0, 999, 8, 1, 0, 1, 2),
(1257, 2, '1 cent', 'Formative Years in Indiana', 5, 2009, 0, 999, 8, 1, 0, 1, 2);

-- --------------------------------------------------------

--
-- Table structure for table `collections`
--

CREATE TABLE `collections` (
  `id_coll` tinyint(3) UNSIGNED NOT NULL,
  `name_coll` varchar(255) NOT NULL,
  `country` int(11) UNSIGNED NOT NULL
) ENGINE=InnoDB DEFAULT CHARSET=utf8;

--
-- Dumping data for table `collections`
--

INSERT INTO `collections` (`id_coll`, `name_coll`, `country`) VALUES
(0, 'Без коллекции', 0),
(1, 'Presidential Dollar', 2),
(2, 'States and Territories', 2),
(3, 'America the Beautiful', 2),
(4, 'Древние Города России', 1),
(5, 'Lincoln Penny', 2),
(6, 'Города-герои', 1),
(7, '70 лет Победы ВОВ', 1),
(8, '200-летие 1812', 1),
(9, 'Освобожденные Столицы', 1),
(10, 'Оружие Великой Победы', 1),
(11, 'Человек Труда', 1),
(12, 'Российская (советская) мультипликация', 1),
(13, 'Олимпиада Сочи 2014', 1),
(14, 'Чемпионат Мира по Футболу 2018', 1),
(15, 'Красная Книга', 0),
(16, 'Памятные СССР', 10),
(17, 'Euros and Eurocents', 0),
(18, '2010 Vancouver', 3),
(19, 'Months Canada Quaters', 3),
(20, 'Sacagawea', 2),
(21, 'Российская Федерация', 1),
(22, 'Знаменательные даты и события (БМ)', 1),
(23, '200-летие образования в России министерств', 1),
(24, 'Города Воинской Славы', 1),
(25, 'Знаменательные даты и события', 1),
(26, 'Прочие памятные', 1),
(27, 'Подвиг воинов на Крымском полуострове', 1),
(28, 'Памятные', 42);

-- --------------------------------------------------------

--
-- Table structure for table `Continents`
--

CREATE TABLE `Continents` (
  `id_continent` tinyint(3) UNSIGNED NOT NULL,
  `name_cont` varchar(255) NOT NULL
) ENGINE=InnoDB DEFAULT CHARSET=utf8;

--
-- Dumping data for table `Continents`
--

INSERT INTO `Continents` (`id_continent`, `name_cont`) VALUES
(0, '0'),
(1, 'Северная Америка'),
(2, 'Южная Америка'),
(3, 'Европа'),
(4, 'Азия'),
(5, 'Африка'),
(6, 'Австралия и Океания');

-- --------------------------------------------------------

--
-- Table structure for table `countries`
--

CREATE TABLE `countries` (
  `id_country` int(11) UNSIGNED NOT NULL,
  `name_country` varchar(255) NOT NULL,
  `continent` tinyint(3) UNSIGNED NOT NULL
) ENGINE=InnoDB DEFAULT CHARSET=utf8;

--
-- Dumping data for table `countries`
--

INSERT INTO `countries` (`id_country`, `name_country`, `continent`) VALUES
(0, '0', 0),
(1, 'Россия', 3),
(2, 'США', 1),
(3, 'Канада', 1),
(4, 'Бразилия', 2),
(5, 'Куба', 2),
(6, 'Перу', 2),
(7, 'Тринидад и Тобаго', 2),
(8, 'Чили', 2),
(9, 'Ямайка', 2),
(10, 'СССР', 3),
(11, 'Царская Россия', 3),
(12, 'Австрия', 3),
(13, 'Англия', 3),
(14, 'Бельгия', 3),
(15, 'Венгрия', 3),
(16, 'Германия', 3),
(17, 'Греция', 3),
(18, 'Дания', 3),
(19, 'Ирландия', 3),
(20, 'Испания', 3),
(21, 'Италия', 3),
(22, 'Кипр', 3),
(23, 'Литва', 3),
(24, 'Мальта', 3),
(25, 'Молдова', 3),
(26, 'Нидерланды', 3),
(27, 'Норвегия', 3),
(28, 'Польша', 3),
(29, 'Португалия', 3),
(30, 'Румыния', 3),
(31, 'Словакия', 3),
(32, 'Словения', 3),
(33, 'Финляндия', 3),
(34, 'Франция', 3),
(35, 'Хорватия', 3),
(36, 'Чехия', 3),
(37, 'Швейцария', 3),
(38, 'Швеция', 3),
(39, 'Азербайджан', 4),
(40, 'Болгария', 3),
(41, 'Казахстан', 4),
(42, 'Украина', 3),
(43, 'Ангола', 5),
(44, 'Египет', 5),
(45, 'Фр. Западная Африка', 5),
(46, 'Намибия', 5),
(47, 'Центральная Африка', 5),
(48, 'ЮАР', 5),
(49, 'Австралия', 6),
(50, 'Ниуэ', 6),
(51, 'Израиль', 4),
(52, 'Индия', 4),
(53, 'Индонезия', 4),
(54, 'Ирак', 4),
(55, 'Малайзия', 4),
(56, 'Мальдивы', 4),
(57, 'ОАЭ', 4),
(58, 'Оман', 4),
(59, 'Сингапур', 4),
(60, 'Тайланд', 4),
(61, 'Тунис', 5),
(62, 'Туркменистан', 4),
(63, 'Турция', 4),
(64, 'Япония', 4),
(65, 'Филиппины', 4),
(66, 'Китай', 4),
(67, 'Зимбабве', 5),
(68, 'Мексика', 1),
(69, 'Малави', 5),
(70, 'Венесуэла', 2);

-- --------------------------------------------------------

--
-- Table structure for table `metals`
--

CREATE TABLE `metals` (
  `id_metal` tinyint(3) UNSIGNED NOT NULL,
  `name_metal` varchar(255) NOT NULL
) ENGINE=InnoDB DEFAULT CHARSET=utf8;

--
-- Dumping data for table `metals`
--

INSERT INTO `metals` (`id_metal`, `name_metal`) VALUES
(1, 'Золото'),
(2, 'Серебро'),
(3, 'Платина'),
(4, 'Бронза'),
(5, 'Алюминий'),
(6, 'Сталь'),
(7, 'Медно-никелевый сплав'),
(8, 'Медно-цинковый сплав (Латунь)'),
(9, 'Нержавеющая сталь'),
(10, 'Мельхиор'),
(11, 'Нейзильбер (медь+никель+цинк)'),
(12, 'Никель'),
(13, 'Палладий'),
(14, 'Сталь с никел. и латунным гальв. покр.'),
(15, 'Хромированная сталь'),
(16, 'Цинк'),
(17, 'Латунь + мельхиор'),
(18, 'Сталь с латунным гальв. покр.'),
(19, 'Сталь с никелевым гальв. покр.'),
(20, 'Сталь, плакированная мельхиором'),
(21, 'Алюминиевая бронза / медь, никель'),
(22, 'Медь, цинк / медь, никель'),
(23, 'Алюминиевая бронза');

-- --------------------------------------------------------

--
-- Table structure for table `mints`
--

CREATE TABLE `mints` (
  `id_mint` tinyint(3) UNSIGNED NOT NULL,
  `name_mint` varchar(10) NOT NULL,
  `longname` text NOT NULL,
  `country` int(11) UNSIGNED NOT NULL
) ENGINE=InnoDB DEFAULT CHARSET=utf8;

--
-- Dumping data for table `mints`
--

INSERT INTO `mints` (`id_mint`, `name_mint`, `longname`, `country`) VALUES
(0, '(P)', '(Philadelphia)', 2),
(1, 'спмд', 'СПб Монетный Двор', 1),
(2, 'ммд', 'Московский МД', 1),
(3, 'D', 'Denver', 2),
(4, 'P', 'Philadelphia', 2),
(5, 'S', 'San Francisco', 2),
(6, 'лмд', 'Ленинградский МД', 10),
(7, 'ммд', 'Московский МД', 10),
(8, 'кмд', 'Казахстанский МД', 41),
(9, 'бмд нбу', 'Банкнотно-монетный двор национального банка Украины', 42),
(10, 'мдб', 'МД Болгарии', 40),
(11, 'амд', 'Австрийский МД', 12),
(12, 'ккмд', 'Канадский Королевский МД', 3),
(13, 'мдб', 'МД Бразилии', 4),
(14, 'мдл', 'МД Лимы (Перу)', 6),
(15, 'цбв', 'ЦБ Венесуэлы', 70),
(16, 'brm', 'British Royal Mint', 13),
(17, 'мдч', 'МД Чили', 8),
(18, 'мдк', 'МД Кубы', 5),
(19, 'тгмд', 'Турецкий Государственный МД', 63),
(20, 'мдя', 'МД Японии', 64),
(21, 'цбф', 'ЦБ Филиппин', 65),
(22, 'кмдм', 'Королевский МД Малайзии', 55),
(23, 'игмд', 'Индийский Государственный МД', 52),
(24, 'смд', 'Сингапурский МД', 59),
(25, 'мди', 'МД Индонезии', 53),
(26, 'кмдт', 'Королевский МД Тайланда', 60),
(27, 'юамд', 'Южно-Африканский МД', 48),
(28, 'пмд', 'Парижский МД', 34),
(29, 'пмд', 'Португальский МД', 29),
(30, 'цбе', 'ЦБ Египта', 44),
(31, 'ram', 'Royal Australian Mint', 49),
(32, 'КМДБ', 'Королевский МД Бельгии', 14),
(33, 'ВМД', 'Венгерский МД', 15),
(34, 'D', 'Мюнхенский МД', 16),
(35, 'F', 'Штутгартский МД', 16),
(36, 'G', 'Карлсруэ', 16),
(37, 'J', 'Гамбургский МД', 16),
(38, 'A', 'Берлинский МД', 16),
(39, 'ГМД', 'Греческий МД', 17),
(40, 'S', 'Финский МД', 33),
(41, 'E', 'МД Испании', 20),
(42, 'КДМД', 'Королевский Датский МД', 18),
(43, 'МДИ', 'МД Ирландии', 19),
(44, 'R', 'МД Италии', 21),
(45, 'ПРБ', 'Приднестровский Республиканский Банк', 25),
(46, 'КНМД', 'Королевский Нидерландский МД', 26),
(47, 'НМД', 'Норвежский МД', 27),
(48, 'ПМД', 'Польский МД', 28),
(49, 'ГМДР', 'Государственный МД Румынии', 30),
(50, 'МДК', 'МД Кремницы', 31),
(51, 'ХМД', 'Хорватский МД', 35),
(52, 'ЧМД', 'Чешский МД', 36),
(53, 'МДШ', 'МД Швейцарии', 37),
(54, 'МДШ', 'МД Швеции', 38),
(55, 'ЛМД', 'Литовский МД', 23),
(56, 'МДЗ', 'МД Зимбабве', 67),
(57, 'МДМ', 'МД Мексики', 68),
(58, 'ШМД', 'Шанхайский МД', 66),
(59, 'ЕМД', 'Екатеринбургский МД', 11),
(60, 'СПБ', 'Санкт-Петербург', 11);

-- --------------------------------------------------------

--
-- Table structure for table `qualities`
--

CREATE TABLE `qualities` (
  `id_q` tinyint(3) UNSIGNED NOT NULL,
  `name_q` varchar(255) NOT NULL,
  `description` varchar(255) NOT NULL
) ENGINE=InnoDB DEFAULT CHARSET=utf8;

--
-- Dumping data for table `qualities`
--

INSERT INTO `qualities` (`id_q`, `name_q`, `description`) VALUES
(1, 'UNC', 'Uncirculated'),
(2, 'aUNC', 'About uncirculated'),
(3, 'XF', 'Extremely fine'),
(4, 'VF', 'Very fine'),
(5, 'F', 'Fine'),
(6, 'VG', 'Very good'),
(7, 'G', 'Good'),
(8, 'Proof', 'Proof');

--
-- Indexes for dumped tables
--

--
-- Indexes for table `albums`
--
ALTER TABLE `albums`
  ADD PRIMARY KEY (`id_album`);

--
-- Indexes for table `coins`
--
ALTER TABLE `coins`
  ADD PRIMARY KEY (`id_coin`),
  ADD KEY `album` (`album`),
  ADD KEY `collection` (`collection`),
  ADD KEY `quality` (`quality`),
  ADD KEY `metal` (`metal`),
  ADD KEY `coins_ibfk_6` (`mint`),
  ADD KEY `country_2` (`country`),
  ADD KEY `country` (`country`) USING BTREE;

--
-- Indexes for table `collections`
--
ALTER TABLE `collections`
  ADD PRIMARY KEY (`id_coll`),
  ADD KEY `country` (`country`);

--
-- Indexes for table `Continents`
--
ALTER TABLE `Continents`
  ADD PRIMARY KEY (`id_continent`);

--
-- Indexes for table `countries`
--
ALTER TABLE `countries`
  ADD PRIMARY KEY (`id_country`),
  ADD KEY `id_country` (`id_country`),
  ADD KEY `continent` (`continent`);

--
-- Indexes for table `metals`
--
ALTER TABLE `metals`
  ADD PRIMARY KEY (`id_metal`);

--
-- Indexes for table `mints`
--
ALTER TABLE `mints`
  ADD PRIMARY KEY (`id_mint`),
  ADD KEY `country` (`country`);

--
-- Indexes for table `qualities`
--
ALTER TABLE `qualities`
  ADD PRIMARY KEY (`id_q`);

--
-- AUTO_INCREMENT for dumped tables
--

--
-- AUTO_INCREMENT for table `coins`
--
ALTER TABLE `coins`
  MODIFY `id_coin` int(10) UNSIGNED NOT NULL AUTO_INCREMENT, AUTO_INCREMENT=1258;

--
-- AUTO_INCREMENT for table `collections`
--
ALTER TABLE `collections`
  MODIFY `id_coll` tinyint(3) UNSIGNED NOT NULL AUTO_INCREMENT, AUTO_INCREMENT=29;

--
-- AUTO_INCREMENT for table `Continents`
--
ALTER TABLE `Continents`
  MODIFY `id_continent` tinyint(3) UNSIGNED NOT NULL AUTO_INCREMENT, AUTO_INCREMENT=9;

--
-- AUTO_INCREMENT for table `countries`
--
ALTER TABLE `countries`
  MODIFY `id_country` int(11) UNSIGNED NOT NULL AUTO_INCREMENT, AUTO_INCREMENT=73;

--
-- AUTO_INCREMENT for table `metals`
--
ALTER TABLE `metals`
  MODIFY `id_metal` tinyint(3) UNSIGNED NOT NULL AUTO_INCREMENT, AUTO_INCREMENT=24;

--
-- AUTO_INCREMENT for table `mints`
--
ALTER TABLE `mints`
  MODIFY `id_mint` tinyint(3) UNSIGNED NOT NULL AUTO_INCREMENT, AUTO_INCREMENT=61;

--
-- AUTO_INCREMENT for table `qualities`
--
ALTER TABLE `qualities`
  MODIFY `id_q` tinyint(3) UNSIGNED NOT NULL AUTO_INCREMENT, AUTO_INCREMENT=9;

--
-- Constraints for dumped tables
--

--
-- Constraints for table `coins`
--
ALTER TABLE `coins`
  ADD CONSTRAINT `coins_ibfk_2` FOREIGN KEY (`metal`) REFERENCES `metals` (`id_metal`) ON UPDATE CASCADE,
  ADD CONSTRAINT `coins_ibfk_3` FOREIGN KEY (`album`) REFERENCES `albums` (`id_album`) ON UPDATE CASCADE,
  ADD CONSTRAINT `coins_ibfk_4` FOREIGN KEY (`collection`) REFERENCES `collections` (`id_coll`) ON UPDATE CASCADE,
  ADD CONSTRAINT `coins_ibfk_5` FOREIGN KEY (`quality`) REFERENCES `qualities` (`id_q`) ON UPDATE CASCADE,
  ADD CONSTRAINT `coins_ibfk_6` FOREIGN KEY (`mint`) REFERENCES `mints` (`id_mint`) ON UPDATE CASCADE,
  ADD CONSTRAINT `coins_ibfk_7` FOREIGN KEY (`country`) REFERENCES `countries` (`id_country`);

--
-- Constraints for table `collections`
--
ALTER TABLE `collections`
  ADD CONSTRAINT `collections_ibfk_1` FOREIGN KEY (`country`) REFERENCES `countries` (`id_country`);

--
-- Constraints for table `countries`
--
ALTER TABLE `countries`
  ADD CONSTRAINT `countries_ibfk_1` FOREIGN KEY (`continent`) REFERENCES `Continents` (`id_continent`);

--
-- Constraints for table `mints`
--
ALTER TABLE `mints`
  ADD CONSTRAINT `mints_ibfk_1` FOREIGN KEY (`country`) REFERENCES `countries` (`id_country`) ON UPDATE CASCADE;
COMMIT;

/*!40101 SET CHARACTER_SET_CLIENT=@OLD_CHARACTER_SET_CLIENT */;
/*!40101 SET CHARACTER_SET_RESULTS=@OLD_CHARACTER_SET_RESULTS */;
/*!40101 SET COLLATION_CONNECTION=@OLD_COLLATION_CONNECTION */;
